name_th,name_en,name_ja,city,area,category,tags,lat,lng,google_place_id,open_hours,closed_days,avg_visit_min,avg_cost_jpy,cost_note,tips,image_url,quality_score,source
วัดเซนโซจิ (อาซากุสะ),Sensoji Temple,浅草寺,tokyo,tokyo_east,temple,temple|landmark|photo|culture,35.7148,139.7967,,mon-sun=06:00-17:00,,90,0,เข้าวัดฟรี,ไปเช้าก่อน 8 โมงคนน้อยมาก ถ่ายรูปประตูคามินาริมงได้สวย,,95,seed
ถนนนากามิเซะ,Nakamise Shopping Street,仲見世通り,tokyo,tokyo_east,shopping,shopping|food|street_food|souvenir,35.7118,139.7966,,mon-sun=09:00-19:00,,45,1000,ขนม/ของฝากชิ้นละ 100-500 เยน,ร้านปิดเร็วราว 5-6 โมงเย็น,,80,seed
โตเกียวสกายทรี,Tokyo Skytree,東京スカイツリー,tokyo,tokyo_east,view,view|landmark|photo|观景,35.7101,139.8107,,mon-sun=10:00-21:00,,120,2100,"ชั้น 350 ผู้ใหญ่ 2,100 เยน (ซื้อล่วงหน้าถูกกว่า)",จองออนไลน์ล่วงหน้าเลี่ยงคิว ช่วงพระอาทิตย์ตกคนเยอะสุด,,92,seed
โซลามาจิ (ใต้สกายทรี),Tokyo Solamachi,東京ソラマチ,tokyo,tokyo_east,shopping,shopping|food|mall|rainy_day,35.7100,139.8100,,mon-sun=10:00-21:00,,90,,,ชั้น 6-7 เป็นโซนร้านอาหาร วิวสกายทรีจากด้านล่างสวยตอนค่ำ,,72,seed
ตลาดอาเมโยโกะ,Ameyoko Market,アメ横,tokyo,tokyo_east,market,market|street_food|shopping|cheap,35.7089,139.7745,,mon-sun=10:00-20:00,,60,1500,อาหารข้างทาง 300-800 เยน,ต่อราคาได้บ้าง ร้านอาหารทะเลย่างอร่อยและถูก,,78,seed
สวนอุเอโนะ,Ueno Park,上野公園,tokyo,tokyo_east,park,park|sakura|nature|free|photo,35.7156,139.7730,,mon-sun=05:00-23:00,,60,0,เข้าฟรี,ปลายมี.ค.-ต้นเม.ย. ซากุระบานเต็มสวน คนเยอะมากช่วงสุดสัปดาห์,,85,seed
พิพิธภัณฑสถานแห่งชาติโตเกียว,Tokyo National Museum,東京国立博物館,tokyo,tokyo_east,museum,museum|culture|history|rainy_day,35.7188,139.7765,,tue=09:30-17:00|wed=09:30-17:00|thu=09:30-17:00|fri=09:30-19:00|sat=09:30-19:00|sun=09:30-17:00,monday,120,1000,"ผู้ใหญ่ 1,000 เยน",ปิดวันจันทร์ ถ้าจันทร์เป็นวันหยุดนักขัตฤกษ์จะปิดวันอังคารแทน,,80,seed
สวนสัตว์อุเอโนะ,Ueno Zoo,上野動物園,tokyo,tokyo_east,attraction,family|kids|animals|park,35.7166,139.7714,,tue=09:30-17:00|wed=09:30-17:00|thu=09:30-17:00|fri=09:30-17:00|sat=09:30-17:00|sun=09:30-17:00,monday,120,600,ผู้ใหญ่ 600 เยน,แพนด้าต้องต่อคิว ไปตอนเปิดจะเร็วสุด,,70,seed
อากิฮาบาระ,Akihabara Electric Town,秋葉原,tokyo,tokyo_east,shopping,anime|shopping|electronics|otaku|photo,35.6984,139.7731,,mon-sun=10:00-20:00,,120,,,วันอาทิตย์ถนนหลักปิดเป็นถนนคนเดิน (ประมาณ 13:00-17:00),,85,seed
Yodobashi Akiba,Yodobashi Camera Akiba,ヨドバシAkiba,tokyo,tokyo_east,shopping,electronics|shopping|tax_free|rainy_day,35.6989,139.7746,,mon-sun=09:30-22:00,,90,,,ทำ tax free ได้ ชั้นบนมีร้านอาหาร,,68,seed
โกดังหนังสือมือสอง จิมโบโช,Jimbocho Book Town,神保町,tokyo,tokyo_east,shopping,books|culture|walk|local,35.6959,139.7570,,mon-sun=10:00-18:00,sunday,60,,,ร้านส่วนใหญ่ปิดวันอาทิตย์ ร้านกาแฟเก่าแก่หลายร้านในย่านนี้,,55,seed
ตลาดปลาสึกิจิ (ตลาดนอก),Tsukiji Outer Market,築地場外市場,tokyo,tokyo_east,market,food|seafood|market|breakfast|street_food,35.6654,139.7707,,mon-sun=05:00-14:00,sunday,90,3000,"ซูชิเซ็ต 2,000-5,000 เยน",ไปก่อน 9 โมงเช้า ร้านทยอยปิดบ่ายโมง วันอาทิตย์หลายร้านหยุด,,88,seed
โทโยสุ (ตลาดปลาใหม่),Toyosu Market,豊洲市場,tokyo,tokyo_bay,market,food|seafood|market|early_morning,35.6450,139.7867,,mon=05:00-17:00|tue=05:00-17:00|wed=05:00-17:00|thu=05:00-17:00|fri=05:00-17:00|sat=05:00-17:00,sunday,90,3000,"ซูชิเช้า 3,000-6,000 เยน",ประมูลปลาทูน่าต้องลงทะเบียนล่วงหน้า ตี 5 ถึงจะทัน,,75,seed
สวนฮามาริคิว,Hamarikyu Gardens,浜離宮恩賜庭園,tokyo,tokyo_east,park,garden|nature|photo|tea,35.6598,139.7634,,mon-sun=09:00-17:00,,60,300,ผู้ใหญ่ 300 เยน,มีร้านชาญี่ปุ่นกลางบ่อ นั่งจิบมัทฉะวิวสวนได้,,65,seed
โคคุกิคัง (สนามซูโม่),Ryogoku Kokugikan,両国国技館,tokyo,tokyo_east,attraction,sumo|culture|sport,35.6970,139.7933,,,,120,3800,"ตั๋วซูโม่เริ่ม 3,800 เยน",มีแข่งเฉพาะเดือน ม.ค. พ.ค. ก.ย. ต้องเช็กตารางก่อน,,60,seed
พิพิธภัณฑ์เอโดะ-โตเกียว,Edo-Tokyo Museum,江戸東京博物館,tokyo,tokyo_east,museum,museum|history|culture|rainy_day,35.6963,139.7956,,mon-sun=09:30-17:30,monday,90,600,ผู้ใหญ่ 600 เยน,จำลองเมืองเอโดะขนาดเท่าจริง เด็กชอบ,,62,seed
ยานากะ กินซ่า,Yanaka Ginza,谷中銀座,tokyo,tokyo_east,street,local|street_food|walk|photo|old_town,35.7276,139.7654,,mon-sun=10:00-19:00,,60,800,ของกินชิ้นละ 100-400 เยน,บันไดพระอาทิตย์ตกถ่ายรูปสวย ย่านเงียบแบบโตเกียวเก่า,,70,seed
คาปปาบาชิ (ถนนเครื่องครัว),Kappabashi Kitchen Street,かっぱ橋道具街,tokyo,tokyo_east,shopping,shopping|kitchen|souvenir|local,35.7128,139.7883,,mon-sun=10:00-17:00,sunday,60,,,มีดญี่ปุ่นและอาหารปลอมเป็นของฝากยอดฮิต ร้านหลายร้านปิดวันอาทิตย์,,58,seed
ศาลเจ้าคันดะเมียวจิน,Kanda Myojin Shrine,神田明神,tokyo,tokyo_east,shrine,shrine|anime|culture|free,35.7020,139.7679,,mon-sun=09:00-17:00,,30,0,เข้าฟรี,มีเครื่องรางสำหรับ IT/อิเล็กทรอนิกส์ เดินจากอากิบะได้,,55,seed
สวนคิวยาสุดะ,Kyu-Yasuda Garden,旧安田庭園,tokyo,tokyo_east,park,garden|free|quiet,35.6970,139.7947,,mon-sun=09:00-16:30,,30,0,เข้าฟรี,สวนเล็กเงียบ ๆ ข้างโคคุกิคัง,,40,seed
ชิบูย่าสกาย,Shibuya Sky,渋谷スカイ,tokyo,tokyo_west,view,view|photo|sunset|landmark,35.6580,139.7016,,mon-sun=10:00-22:30,,90,2500,"ผู้ใหญ่ 2,500 เยน (จองล่วงหน้าถูกกว่าหน้างาน)",รอบพระอาทิตย์ตกเต็มเร็วมาก จองล่วงหน้าอย่างน้อย 1 สัปดาห์,,93,seed
ห้าแยกชิบูย่า,Shibuya Scramble Crossing,渋谷スクランブル交差点,tokyo,tokyo_west,landmark,photo|landmark|free|night,35.6595,139.7005,,mon-sun=00:00-23:59,,20,0,ฟรี,ถ่ายจากชั้น 2 Starbucks หรือ Magnet by Shibuya109 ได้มุมสวย,,88,seed
รูปปั้นฮาจิโกะ,Hachiko Statue,ハチ公像,tokyo,tokyo_west,landmark,photo|landmark|free,35.6590,139.7006,,mon-sun=00:00-23:59,,10,0,ฟรี,จุดนัดพบยอดนิยม คนเยอะตลอดวัน ถ่ายรูปต้องรอคิว,,60,seed
ศาลเจ้าเมจิ,Meiji Jingu Shrine,明治神宮,tokyo,tokyo_west,shrine,shrine|nature|culture|free|photo,35.6764,139.6993,,mon-sun=05:00-18:00,,75,0,เข้าฟรี (สวนใน 500 เยน),เดินจากฮาราจูกุ 5 นาที เช้า ๆ อากาศดีและคนน้อย,,86,seed
ถนนทาเคชิตะ (ฮาราจูกุ),Takeshita Street,竹下通り,tokyo,tokyo_west,street,shopping|street_food|youth|photo,35.6712,139.7030,,mon-sun=10:00-20:00,,60,1000,เครป 500-800 เยน,วันเสาร์-อาทิตย์แน่นมาก ไปวันธรรมดาช่วงบ่ายดีกว่า,,80,seed
โอโมเตะซันโด,Omotesando,表参道,tokyo,tokyo_west,shopping,shopping|architecture|cafe|walk,35.6654,139.7126,,mon-sun=11:00-20:00,,90,,,สถาปัตยกรรมร้านแบรนด์สวยมาก เดินเชื่อมฮาราจูกุกับอาโอยามะ,,72,seed
ชินจูกุ เกียวเอ็น,Shinjuku Gyoen National Garden,新宿御苑,tokyo,tokyo_west,park,park|sakura|nature|photo|quiet,35.6852,139.7100,,mon-sun=09:00-17:30,monday,90,500,ผู้ใหญ่ 500 เยน,สวนซากุระที่ดีที่สุดในโตเกียว ปิดวันจันทร์,,84,seed
โกดังตึกรัฐบาลโตเกียว (จุดชมวิวฟรี),Tokyo Metropolitan Government Building,東京都庁,tokyo,tokyo_west,view,view|free|photo|rainy_day,35.6896,139.6921,,mon-sun=09:30-22:00,,45,0,ขึ้นชมวิวฟรี,วันฟ้าใสมองเห็นภูเขาไฟฟูจิ เป็นจุดชมวิวฟรีที่ดีที่สุด,,82,seed
โอโมอิเดะโยโกโช (ตรอกปัสสาวะ),Omoide Yokocho,思い出横丁,tokyo,tokyo_west,food,izakaya|yakitori|night|local|photo,35.6935,139.6996,,mon-sun=17:00-23:30,,90,3000,"ยากิโทริ+เบียร์ราว 2,000-4,000 เยน",ตรอกแคบ ๆ บรรยากาศโชวะ ร้านเล็กที่นั่งน้อย,,76,seed
โกลเดนไก,Golden Gai,ゴールデン街,tokyo,tokyo_west,food,bar|night|local|photo,35.6940,139.7045,,mon-sun=20:00-02:00,,90,3000,"หลายร้านมีค่าที่นั่ง 500-1,000 เยน",ร้านเล็กมาก บางร้านไม่รับนักท่องเที่ยว ดูป้ายหน้าร้านก่อน,,70,seed
คาบูกิโจ,Kabukicho,歌舞伎町,tokyo,tokyo_west,street,night|photo|food|nightlife,35.6950,139.7020,,mon-sun=00:00-23:59,,45,,,หัวก็อดซิลล่าบนตึก Hotel Gracery เป็นจุดถ่ายรูป ระวังร้านเรียกแขก,,62,seed
Shinjuku Kabuki Hall (โกจิร่า),Godzilla Head Shinjuku,ゴジラヘッド,tokyo,tokyo_west,landmark,photo|free|anime,35.6955,139.7010,,mon-sun=00:00-23:59,,15,0,ฟรี,มองจากถนนได้ ไม่ต้องขึ้นตึก,,45,seed
ชิโมกิตะซาวะ,Shimokitazawa,下北沢,tokyo,tokyo_west,street,vintage|cafe|local|walk|music,35.6613,139.6680,,mon-sun=11:00-20:00,,120,,,ร้านมือสองและคาเฟ่เยอะ บรรยากาศชิลกว่าชิบูย่ามาก,,74,seed
นากาเมกุโระ,Nakameguro,中目黒,tokyo,tokyo_west,street,sakura|cafe|walk|photo|local,35.6440,139.6990,,mon-sun=11:00-20:00,,90,,,ริมคลองเมงูโระซากุระสวยมากปลายมีนาคม กลางคืนมีไฟประดับ,,78,seed
Starbucks Reserve Roastery นากาเมกุโระ,Starbucks Reserve Roastery Tokyo,スターバックスリザーブロースタリー,tokyo,tokyo_west,cafe,cafe|architecture|photo,35.6467,139.6987,,mon-sun=07:00-22:00,,60,1500,"เครื่องดื่ม 700-1,500 เยน",ออกแบบโดยเคนโงะ คุมะ ชั้น 4 มีบาร์ค็อกเทล,,66,seed
โยโยกิปาร์ค,Yoyogi Park,代々木公園,tokyo,tokyo_west,park,park|free|nature|picnic,35.6720,139.6949,,mon-sun=05:00-20:00,,60,0,ฟรี,วันอาทิตย์มีวงดนตรีและกลุ่มเต้นร็อกกาบิลลี่,,60,seed
เอบิสุ การ์เดนเพลส,Yebisu Garden Place,恵比寿ガーデンプレイス,tokyo,tokyo_west,attraction,photo|winter_illumination|cafe|architecture,35.6425,139.7135,,mon-sun=10:00-20:00,,60,,,ช่วงหน้าหนาวมีไฟประดับและโคมแชนเดอเลียร์ Baccarat,,58,seed
ทีมแล็บ บอร์เดอร์เลส (อาซาบุได),teamLab Borderless Azabudai,チームラボボーダレス,tokyo,tokyo_west,attraction,art|photo|interactive|rainy_day|family,35.6600,139.7400,,mon-sun=09:00-21:00,,150,3800,"ผู้ใหญ่ราว 3,800 เยน",ต้องจองล่วงหน้า สวมกางเกงจะสะดวกกว่า (มีพื้นกระจก),,85,seed
โตเกียวทาวเวอร์,Tokyo Tower,東京タワー,tokyo,tokyo_west,view,view|landmark|photo|night,35.6586,139.7454,,mon-sun=09:00-23:00,,90,1200,"ชั้น Main Deck 1,200 เยน",ถ่ายรูปตึกจากด้านนอกช่วงค่ำสวยกว่าขึ้นไปข้างบน,,80,seed
ศาลเจ้าโซโจจิ,Zojoji Temple,増上寺,tokyo,tokyo_west,temple,temple|photo|free|landmark,35.6575,139.7485,,mon-sun=06:00-17:30,,30,0,ฟรี,ถ่ายรูปวัดคู่กับโตเกียวทาวเวอร์เป็นมุมคลาสสิก,,68,seed
รปปงหงิ ฮิลส์ (Tokyo City View),Roppongi Hills Mori Tower,六本木ヒルズ,tokyo,tokyo_west,view,view|art|photo|rainy_day,35.6605,139.7292,,mon-sun=10:00-22:00,,90,2000,"จุดชมวิว 2,000 เยน",เห็นโตเกียวทาวเวอร์เต็มตา รวมตั๋วพิพิธภัณฑ์ศิลปะโมริได้,,76,seed
พิพิธภัณฑ์ศิลปะโมริ,Mori Art Museum,森美術館,tokyo,tokyo_west,museum,art|museum|rainy_day,35.6604,139.7292,,mon-sun=10:00-22:00,,90,2000,รวมกับตั๋วจุดชมวิว,นิทรรศการหมุนเวียน เช็กว่าช่วงที่ไปแสดงอะไร,,60,seed
โตเกียวมิดทาวน์,Tokyo Midtown,東京ミッドタウン,tokyo,tokyo_west,shopping,shopping|design|park|winter_illumination,35.6657,139.7307,,mon-sun=11:00-21:00,,60,,,หน้าหนาวมีไฟประดับสวนสวย,,55,seed
อากาซากะ ฮิคาวะ,Akasaka Hikawa Shrine,赤坂氷川神社,tokyo,tokyo_west,shrine,shrine|quiet|free|local,35.6700,139.7370,,mon-sun=06:00-17:30,,25,0,ฟรี,ศาลเจ้าเงียบ ๆ กลางย่านธุรกิจ แทบไม่มีนักท่องเที่ยว,,42,seed
ตึกกินซ่าซิกซ์,Ginza Six,ギンザシックス,tokyo,tokyo_east,shopping,shopping|luxury|rooftop|rainy_day,35.6695,139.7640,,mon-sun=10:30-20:30,,75,,,ดาดฟ้าเปิดให้ขึ้นฟรี ชั้นใต้ดินมีของกิน,,58,seed
ย่านกินซ่า,Ginza District,銀座,tokyo,tokyo_east,shopping,shopping|luxury|walk|photo,35.6717,139.7650,,mon-sun=11:00-20:00,,90,,,เสาร์-อาทิตย์บ่ายถนนหลักปิดเป็นถนนคนเดิน,,66,seed
อิโตยะ กินซ่า,Itoya Ginza,伊東屋,tokyo,tokyo_east,shopping,stationery|shopping|souvenir|rainy_day,35.6725,139.7670,,mon-sun=10:00-20:00,,60,,,เครื่องเขียนญี่ปุ่นครบที่สุด 12 ชั้น เป็นของฝากที่คนไทยชอบ,,60,seed
โตเกียวดิสนีย์แลนด์,Tokyo Disneyland,東京ディズニーランド,tokyo,tokyo_bay,theme_park,theme_park|family|kids|full_day,35.6329,139.8804,,mon-sun=09:00-21:00,,600,9400,"ตั๋ว 1 วัน 7,900-10,900 เยน (ราคาผันตามวัน)",ซื้อตั๋วออนไลน์ล่วงหน้า ใช้แอปจอง Standby Pass ตั้งแต่เข้า,,95,seed
โตเกียวดิสนีย์ซี,Tokyo DisneySea,東京ディズニーシー,tokyo,tokyo_bay,theme_park,theme_park|family|full_day|photo,35.6267,139.8850,,mon-sun=09:00-21:00,,600,9400,"ตั๋ว 1 วัน 7,900-10,900 เยน",สวนสนุกที่คนรีวิวว่าสวยที่สุดในโลก โซน Fantasy Springs ต้องจองแยก,,96,seed
ทีมแล็บ พลาเน็ตส์ โทโยสุ,teamLab Planets Toyosu,チームラボプラネッツ,tokyo,tokyo_bay,attraction,art|photo|interactive|rainy_day,35.6497,139.7900,,mon-sun=09:00-22:00,,120,3800,"ผู้ใหญ่ราว 3,800 เยน",ต้องเดินลุยน้ำ ใส่กางเกงขาสั้นหรือพับขาได้ ห้ามใส่กระโปรง,,90,seed
โอไดบะ ไดเวอร์ซิตี้ (กันดั้ม),DiverCity Tokyo Plaza (Unicorn Gundam),ダイバーシティ東京,tokyo,tokyo_bay,attraction,anime|photo|shopping|family,35.6250,139.7750,,mon-sun=11:00-20:00,,90,0,ดูกันดั้มฟรี,กันดั้มแปลงร่างตามรอบ ประมาณทุกชั่วโมง ตอนค่ำมีไฟและเพลง,,78,seed
สะพานสายรุ้ง,Rainbow Bridge,レインボーブリッジ,tokyo,tokyo_bay,landmark,photo|night|view|free,35.6360,139.7635,,mon-sun=00:00-23:59,,30,0,ฟรี,ถ่ายจากชายหาดโอไดบะตอนค่ำสวยที่สุด มีทางเดินข้ามสะพานด้วย,,72,seed
เทพีเสรีภาพโอไดบะ,Odaiba Statue of Liberty,お台場自由の女神像,tokyo,tokyo_bay,landmark,photo|free,35.6270,139.7740,,mon-sun=00:00-23:59,,15,0,ฟรี,ถ่ายคู่กับสะพานสายรุ้งได้ในเฟรมเดียว,,48,seed
โอเอโดะออนเซนฯ (พื้นที่โอไดบะ),Odaiba Seaside Park,お台場海浜公園,tokyo,tokyo_bay,park,park|beach|sunset|free,35.6300,139.7730,,mon-sun=00:00-23:59,,45,0,ฟรี,จุดชมพระอาทิตย์ตกที่ดีที่สุดฝั่งอ่าว,,58,seed
พิพิธภัณฑ์วิทยาศาสตร์มิไรกัง,Miraikan,日本科学未来館,tokyo,tokyo_bay,museum,museum|kids|family|science|rainy_day,35.6197,139.7766,,mon-sun=10:00-17:00,tuesday,120,630,ผู้ใหญ่ 630 เยน,หุ่นยนต์ ASIMO มีรอบแสดง เด็กชอบมาก ปิดวันอังคาร,,62,seed
เวนัสฟอร์ต / พาเลตต์ทาวน์ (โซนโอไดบะ),Aqua City Odaiba,アクアシティお台場,tokyo,tokyo_bay,shopping,shopping|food|view|rainy_day,35.6295,139.7740,,mon-sun=11:00-21:00,,75,,,ชั้น 5 มีโซนราเมง วิวสะพานสายรุ้งจากระเบียง,,50,seed
โทโยสุ เซนคยาคุบันไร,Toyosu Senkyakubanrai,豊洲千客万来,tokyo,tokyo_bay,food,food|onsen|market|new,35.6440,139.7880,,mon-sun=09:00-21:00,,120,4000,"ออนเซนราว 3,000 เยน อาหาร 2,000-5,000",โซนใหม่ข้างตลาดโทโยสุ มีออนเซนวิวอ่าวโตเกียว,,64,seed
คาซาอิ รินไก ปาร์ค,Kasai Rinkai Park,葛西臨海公園,tokyo,tokyo_bay,park,park|aquarium|family|free,35.6430,139.8620,,mon-sun=00:00-23:59,,90,0,สวนฟรี อควาเรียม 700 เยน,ชิงช้าสวรรค์ใหญ่ที่สุดแห่งหนึ่งในญี่ปุ่น,,52,seed
มินาโตะมิไร 21,Minato Mirai 21,みなとみらい21,yokohama,yokohama,area,view|photo|walk|night|shopping,35.4570,139.6320,,mon-sun=00:00-23:59,,120,,,เดินเลียบอ่าวตอนค่ำวิวตึกและชิงช้าสวรรค์สวยมาก,,82,seed
โกดังอิฐแดง,Yokohama Red Brick Warehouse,横浜赤レンガ倉庫,yokohama,yokohama,attraction,photo|shopping|food|landmark,35.4527,139.6425,,mon-sun=11:00-20:00,,90,,,มีอีเวนต์ตามฤดูกาล หน้าหนาวมีลานสเก็ตและตลาดคริสต์มาส,,80,seed
ไชน่าทาวน์โยโกฮาม่า,Yokohama Chinatown,横浜中華街,yokohama,yokohama,food,food|street_food|photo|walk,35.4437,139.6455,,mon-sun=10:00-21:00,,90,2000,"ซาลาเปา 500-800 เยน ต่อคนราว 2,000",ไชน่าทาวน์ใหญ่ที่สุดในญี่ปุ่น ร้านบุฟเฟต์คุ้มมาก,,84,seed
พิพิธภัณฑ์ราเมงชินโยโกฮาม่า,Shin-Yokohama Ramen Museum,新横浜ラーメン博物館,yokohama,yokohama,food,ramen|food|museum|rainy_day,35.5100,139.6170,,mon-sun=11:00-21:00,,90,2000,"ค่าเข้า 450 เยน + ราเมงชามละ 800-1,200",ชั้นใต้ดินจำลองเมืองโชวะ สั่งไซส์เล็กจะกินได้หลายร้าน,,72,seed
พิพิธภัณฑ์คัพนูดเดิ้ล,CUPNOODLES Museum Yokohama,カップヌードルミュージアム,yokohama,yokohama,museum,family|kids|interactive|rainy_day,35.4557,139.6380,,mon-sun=10:00-18:00,tuesday,120,500,ค่าเข้า 500 เยน + ทำถ้วยเอง 500 เยน,ทำบะหมี่ถ้วยของตัวเองได้ เด็กชอบมาก ปิดวันอังคาร,,76,seed
ชิงช้าสวรรค์คอสโมคล็อก 21,Cosmo Clock 21,コスモクロック21,yokohama,yokohama,attraction,photo|night|family|view,35.4552,139.6373,,mon-sun=11:00-22:00,thursday,30,900,900 เยน,ถ่ายรูปจากด้านนอกตอนค่ำสวยกว่านั่ง,,64,seed
สวนซังเคเอ็น,Sankeien Garden,三溪園,yokohama,yokohama,park,garden|sakura|autumn|quiet|photo,35.4200,139.6560,,mon-sun=09:00-17:00,,90,900,ผู้ใหญ่ 900 เยน,สวนญี่ปุ่นแท้ ๆ มีอาคารเก่าย้ายมาจากเกียวโต คนน้อยกว่าในเมือง,,68,seed
หอคอยแลนด์มาร์ค (Sky Garden),Yokohama Landmark Tower Sky Garden,横浜ランドマークタワー,yokohama,yokohama,view,view|photo|rainy_day,35.4548,139.6317,,mon-sun=10:00-21:00,,60,1000,"ผู้ใหญ่ 1,000 เยน",ลิฟต์เร็วที่สุดแห่งหนึ่งในญี่ปุ่น วันฟ้าใสเห็นฟูจิ,,66,seed
ยามาชิตะ ปาร์ค,Yamashita Park,山下公園,yokohama,yokohama,park,park|free|walk|sunset|photo,35.4450,139.6500,,mon-sun=00:00-23:59,,45,0,ฟรี,เดินเลียบทะเล มีเรือ Hikawa Maru จอดให้เข้าชม,,62,seed
โมโตมาจิ,Motomachi Shopping Street,元町商店街,yokohama,yokohama,shopping,shopping|cafe|walk|local,35.4425,139.6480,,mon-sun=11:00-19:00,,60,,,ย่านช้อปปิ้งเก่าแก่ บรรยากาศยุโรป เดินต่อขึ้นเนินไปย่านบ้านฝรั่งได้,,55,seed
โกดังศิลปะ Ashikaga (โซนโยโกฮาม่า),Osanbashi Pier,大さん橋,yokohama,yokohama,view,view|photo|free|sunset|architecture,35.4490,139.6450,,mon-sun=00:00-23:59,,45,0,ฟรี,ดาดฟ้าไม้เปิด 24 ชม. วิวมินาโตะมิไรที่ดีที่สุดและฟรี,,70,seed
ไดบุตสึ คามาคุระ,Kamakura Great Buddha (Kotoku-in),鎌倉大仏,kamakura,kamakura,temple,temple|landmark|photo|culture,35.3167,139.5358,,mon-sun=08:00-17:00,,45,300,ผู้ใหญ่ 300 เยน (เข้าในองค์พระ +50 เยน),เข้าไปในองค์พระได้ด้วย เพิ่มแค่ 50 เยน,,88,seed
วัดฮาเซเดระ,Hasedera Temple,長谷寺,kamakura,kamakura,temple,temple|garden|view|photo|hydrangea,35.3125,139.5330,,mon-sun=08:00-17:00,,60,400,ผู้ใหญ่ 400 เยน,มิถุนายนไฮเดรนเยียบานทั้งเนิน ต้องต่อคิว มีจุดชมวิวทะเล,,82,seed
ศาลเจ้าสึรุงาโอกะ ฮาจิมังกู,Tsurugaoka Hachimangu,鶴岡八幡宮,kamakura,kamakura,shrine,shrine|culture|free|photo,35.3260,139.5560,,mon-sun=06:00-20:30,,45,0,ฟรี,ศาลเจ้าหลักของคามาคุระ เดินจากสถานีตรงมาตามถนนโคมาจิ,,78,seed
ถนนโคมาจิ,Komachi Street,小町通り,kamakura,kamakura,street,street_food|shopping|walk|photo,35.3200,139.5520,,mon-sun=10:00-18:00,,60,1500,ของกิน 300-800 เยนต่อชิ้น,ชิราสึ (ปลาตัวเล็ก) เป็นของขึ้นชื่อ ร้านปิดค่อนข้างเร็ว,,74,seed
ทางข้ามรถไฟคามาคุระโคโค (ฉาก Slam Dunk),Kamakurakokomae Crossing,鎌倉高校前踏切,kamakura,kamakura,landmark,anime|photo|free|sea,35.3067,139.5011,,mon-sun=00:00-23:59,,20,0,ฟรี,จุดถ่ายรูปฉาก Slam Dunk คนเยอะมาก อย่ายืนบนราง มีเจ้าหน้าที่คุม,,86,seed
เกาะเอโนชิมะ,Enoshima Island,江ノ島,kamakura,kamakura,attraction,island|view|sea|walk|sunset,35.2990,139.4800,,mon-sun=08:30-20:00,,180,,,วันฟ้าใสเห็นฟูจิจากหอคอย เดินขึ้นเนินเยอะ ใส่รองเท้าดี ๆ,,84,seed
หอคอยเอโนชิมะ (Sea Candle),Enoshima Sea Candle,江の島シーキャンドル,kamakura,kamakura,view,view|sunset|photo|winter_illumination,35.2985,139.4790,,mon-sun=09:00-20:00,,45,500,ราว 500 เยน (รวมสวน),ช่วงหน้าหนาวมีไฟประดับทั้งเกาะ,,68,seed
วัดโฮโคคุจิ (วัดป่าไผ่),Hokokuji Temple,報国寺,kamakura,kamakura,temple,temple|bamboo|photo|tea|quiet,35.3230,139.5720,,mon-sun=09:00-16:00,,60,400,ค่าเข้า 400 เยน + มัทฉะ 600 เยน,ป่าไผ่แบบอาราชิยามะแต่คนน้อยกว่ามาก นั่งจิบมัทฉะในป่าไผ่ได้,,76,seed
วัดเมเก็ตสึอิน (วัดไฮเดรนเยีย),Meigetsuin Temple,明月院,kamakura,kamakura,temple,temple|hydrangea|photo|garden,35.3370,139.5510,,mon-sun=09:00-16:00,,45,500,500 เยน (มิ.ย. 500 เยน + สวนหลัง 500),หน้าต่างกลมชื่อดัง มิถุนายนคนเยอะมากต้องไปเช้า,,70,seed
รถไฟเอโนเด็น,Enoden Railway,江ノ島電鉄,kamakura,kamakura,transport,train|photo|sea|scenic,35.3190,139.5500,,mon-sun=06:00-23:00,,45,310,เที่ยวละ 200-310 เยน หรือ 1-day pass 800 เยน,นั่งเลียบทะเลจากคามาคุระถึงเอโนชิมะ ช่วงคามาคุระโคโคมาเอะวิวสวยสุด,,80,seed
เจดีย์ชูเรโตะ,Chureito Pagoda (Arakurayama Sengen Park),新倉山浅間公園,fujikawaguchiko,fuji,view,fuji|photo|sakura|landmark|hiking,35.5010,138.8000,,mon-sun=00:00-23:59,,90,0,ฟรี,ต้องขึ้นบันได 398 ขั้น เช้าตรู่ฟ้าใสที่สุด ซากุระบานกลางเมษายน,,92,seed
ทะเลสาบคาวากุจิโกะ,Lake Kawaguchiko,河口湖,fujikawaguchiko,fuji,nature,fuji|nature|photo|lake,35.5170,138.7540,,mon-sun=00:00-23:59,,120,0,ฟรี,ฝั่งเหนือของทะเลสาบเห็นฟูจิสะท้อนน้ำชัดที่สุด,,88,seed
สวนโออิชิ,Oishi Park,大石公園,fujikawaguchiko,fuji,park,fuji|photo|flowers|lake,35.5290,138.7460,,mon-sun=00:00-23:59,,60,0,ฟรี,ดอกโคเคียแดงเดือนตุลาคม ลาเวนเดอร์เดือนกรกฎาคม วิวฟูจิเต็มตา,,86,seed
โอชิโนะ ฮักไก,Oshino Hakkai,忍野八海,fujikawaguchiko,fuji,attraction,fuji|photo|village|water|culture,35.4590,138.8330,,mon-sun=09:00-17:00,,60,0,เดินชมฟรี,หมู่บ้านน้ำใสจากหิมะละลายบนฟูจิ ไปเช้าคนน้อย,,78,seed
ฟูจิคิว ไฮแลนด์,Fuji-Q Highland,富士急ハイランド,fujikawaguchiko,fuji,theme_park,theme_park|thrill|family|full_day,35.4870,138.7800,,mon-sun=09:00-17:00,,360,6300,"พาสรวมเครื่องเล่นราว 6,300 เยน",รถไฟเหาะสถิติโลกหลายตัว เข้าฟรี จ่ายเฉพาะเครื่องเล่นก็ได้,,74,seed
กระเช้าคาจิคาจิ,Mt. Fuji Panoramic Ropeway,富士山パノラマロープウェイ,fujikawaguchiko,fuji,view,fuji|view|photo|family,35.5100,138.7580,,mon-sun=09:00-16:00,,60,900,ไป-กลับ 900 เยน,ขึ้นไปชมวิวทะเลสาบกับฟูจิพร้อมกัน,,70,seed
ศาลเจ้าอาราคุระ เซ็นเก็น,Arakura Sengen Shrine,新倉浅間神社,fujikawaguchiko,fuji,shrine,shrine|fuji|free,35.5000,138.7990,,mon-sun=00:00-23:59,,20,0,ฟรี,อยู่ตีนบันไดขึ้นเจดีย์ชูเรโตะ,,50,seed
โกเท็มบะ พรีเมียมเอาท์เล็ต,Gotemba Premium Outlets,御殿場プレミアム・アウトレット,gotemba,fuji,shopping,shopping|outlet|fuji|tax_free,35.3110,138.9200,,mon-sun=10:00-20:00,,180,,,วันฟ้าใสช้อปไปเห็นฟูจิไป มีรถบัสตรงจากชินจูกุ,,72,seed
ถ้ำลาวาฟูงาคุ,Fugaku Wind Cave,富岳風穴,fujikawaguchiko,fuji,nature,nature|cave|family,35.4770,138.6480,,mon-sun=09:00-17:00,,45,350,350 เยน,ในถ้ำเย็นราว 3 องศาทั้งปี เตรียมเสื้อคลุม,,48,seed
ทะเลสาบยามานากะโกะ,Lake Yamanakako,山中湖,yamanakako,fuji,nature,fuji|lake|nature|photo,35.4160,138.8700,,mon-sun=00:00-23:59,,90,0,ฟรี,ทะเลสาบที่ใหญ่ที่สุดในห้าทะเลสาบฟูจิ มีเรือหงส์,,58,seed
ถนนคุระซุคุริ (โกดังเก่าคาวาโกเอะ),Kurazukuri Street,蔵造りの町並み,kawagoe,kawagoe,street,old_town|photo|walk|culture|street_food,35.9250,139.4830,,mon-sun=10:00-17:00,,90,1000,ของกินชิ้นละ 200-500 เยน,เรียกว่า 'เอโดะน้อย' เดินจากสถานี 15 นาที หรือนั่งบัสวนเมือง,,82,seed
หอระฆังโทกิโนะคาเนะ,Toki no Kane Bell Tower,時の鐘,kawagoe,kawagoe,landmark,photo|landmark|free,35.9255,139.4840,,mon-sun=00:00-23:59,,15,0,ฟรี,ตีระฆังวันละ 4 รอบ (6:00 12:00 15:00 18:00),,70,seed
ตรอกขนมคาชิยะโยโกโช,Kashiya Yokocho (Candy Alley),菓子屋横丁,kawagoe,kawagoe,street,street_food|sweets|photo|kids,35.9270,139.4820,,mon-sun=10:00-17:00,,45,800,ขนม 100-500 เยน,ตรอกขนมโบราณ มันเทศคาวาโกเอะเป็นของขึ้นชื่อ,,68,seed
ศาลเจ้าฮิคาวะ คาวาโกเอะ,Kawagoe Hikawa Shrine,川越氷川神社,kawagoe,kawagoe,shrine,shrine|photo|free|romantic,35.9300,139.4880,,mon-sun=08:00-18:00,,45,0,เข้าฟรี (เครื่องรางเสียเงิน),อุโมงค์กระดิ่งลมหน้าร้อนสวยมาก เป็นศาลเจ้าขอความรัก,,76,seed
วัดคิตะอิน,Kitain Temple,喜多院,kawagoe,kawagoe,temple,temple|culture|garden,35.9200,139.4900,,mon-sun=08:50-16:30,,60,400,400 เยน,มีรูปปั้นพระ 500 องค์ หน้าไม่ซ้ำกันเลย,,58,seed
ศาลเจ้าโทโชกุ นิกโก้,Nikko Toshogu Shrine,日光東照宮,nikko,nikko,shrine,shrine|unesco|culture|photo|autumn,36.7580,139.5990,,mon-sun=09:00-17:00,,120,1600,"ผู้ใหญ่ 1,600 เยน",มรดกโลก แกะสลักลิงสามตัวและแมวหลับอยู่ที่นี่ ไป-กลับจากโตเกียวได้ในวันเดียวแต่เหนื่อย,,80,seed
น้ำตกเคกอน,Kegon Falls,華厳の滝,nikko,nikko,nature,nature|waterfall|autumn|photo,36.7390,139.5030,,mon-sun=08:00-17:00,,45,570,ลิฟต์ลงจุดชม 570 เยน,ใบไม้เปลี่ยนสีกลางตุลาคมสวยที่สุด,,66,seed
ทะเลสาบชูเซ็นจิ,Lake Chuzenji,中禅寺湖,nikko,nikko,nature,nature|lake|autumn|photo,36.7350,139.4780,,mon-sun=00:00-23:59,,60,0,ฟรี,อยู่บนภูเขา อากาศเย็นกว่าตัวเมืองนิกโก้มาก,,58,seed
ฮาโกเน่ ยูโมโตะ (ออนเซน),Hakone Yumoto Onsen,箱根湯本,hakone,hakone,onsen,onsen|relax|hot_spring,35.2320,139.1050,,mon-sun=09:00-21:00,,120,1500,"ออนเซนสาธารณะ 1,000-2,000 เยน",ประตูสู่ฮาโกเน่ มีเรียวกังและออนเซนแบบไปเช้าเย็นกลับเยอะ,,74,seed
ศาลเจ้าฮาโกเน่ (เสาโทริอิกลางน้ำ),Hakone Shrine,箱根神社,hakone,hakone,shrine,shrine|photo|lake|landmark,35.2050,139.0250,,mon-sun=08:00-17:00,,60,0,เข้าฟรี,เสาโทริอิกลางทะเลสาบอาชิต้องต่อคิวถ่ายรูปนานมาก ไปเช้าที่สุด,,78,seed
โอวาคุดานิ,Owakudani,大涌谷,hakone,hakone,nature,nature|volcano|view|fuji,35.2440,139.0200,,mon-sun=09:00-16:00,,60,500,ไข่ดำ 500 เยน/5 ฟอง,ไข่ต้มบ่อกำมะถันสีดำ ว่ากันว่ากินแล้วอายุยืน 7 ปี เช็กสถานะภูเขาไฟก่อนไป,,72,seed
ล่องเรือโจรสลัดทะเลสาบอาชิ,Lake Ashi Pirate Ship,芦ノ湖海賊船,hakone,hakone,attraction,family|view|fuji|boat,35.2050,139.0230,,mon-sun=09:30-17:00,,40,1200,"เที่ยวเดียว 1,200 เยน",วันฟ้าใสเห็นฟูจิจากเรือ รวมอยู่ใน Hakone Free Pass,,66,seed
อิจิรัน ชินจูกุ,Ichiran Shinjuku,一蘭 新宿,tokyo,tokyo_west,ramen,ramen|tonkotsu|solo,,,,mon-sun=11:00-22:00,,60,1200,"ราเมง 980-1,500 เยน",นั่งบูธเดี่ยว สั่งผ่านกระดาษ เหมาะกับคนกินคนเดียว,,78,seed
อิจิรัน ชิบูย่า,Ichiran Shibuya,一蘭 渋谷,tokyo,tokyo_west,ramen,ramen|tonkotsu,,,,mon-sun=11:00-22:00,,60,1200,"ราเมง 980-1,500 เยน",สาขาชิบูย่าเปิด 24 ชม. ดึกคนน้อยกว่า,,72,seed
อาฟูริ ราเมง (ยูซุ),AFURI Ramen,阿夫利,tokyo,tokyo_west,ramen,ramen|yuzu|light,,,,mon-sun=11:00-22:00,,60,1300,"ราเมง 1,100-1,600 เยน",น้ำซุปยูซุใส ไม่เลี่ยน เหมาะคนไม่ชอบทงคตสึ,,70,seed
ราเมงนางิ (โกลเดนไก),Ramen Nagi,ラーメン凪,tokyo,tokyo_west,ramen,ramen|niboshi|late_night,,,,mon-sun=11:00-22:00,,60,1100,"ราเมง 1,000-1,400 เยน",เปิด 24 ชม. ซุปปลาแห้งเข้มข้น ร้านเล็กมาก,,66,seed
ซูชิ ไดวะ (โทโยสุ),Sushi Daiwa Toyosu,大和寿司,tokyo,tokyo_bay,sushi,sushi|breakfast|seafood,,,,mon-sun=11:00-22:00,,60,4500,"โอมากาเสะราว 4,000-5,500 เยน",ต้องต่อคิวตั้งแต่ตี 5-6 คุ้มถ้าไปเช้าจริง,,76,seed
อุโอกาชิ นิฮงอิจิ (ซูชิยืน),Uogashi Nihonichi,魚がし日本一,tokyo,tokyo_west,sushi,sushi|cheap|quick,,,,mon-sun=11:00-22:00,,60,1800,"คำละ 100-400 เยน รวมราว 1,500-2,500",ซูชิยืนกิน ราคาเป็นมิตร มีหลายสาขา,,64,seed
เท็นดง เท็นยะ,Tenya Tempura,てんや,tokyo,tokyo_east,tempura,tempura|cheap|quick,,,,mon-sun=11:00-22:00,,60,800,"เท็นดง 600-1,000 เยน",เทมปุระข้าวหน้าราคาถูก มีทุกย่าน เหมาะมื้อเร่งด่วน,,58,seed
ซุเคะโรคุ โนะ ยาโดะ (ข้าวหน้าปลาไหล อาซากุสะ),Unagi Restaurants Asakusa,うなぎ 浅草,tokyo,tokyo_east,unagi,unagi|traditional|expensive,,,,mon-sun=11:00-22:00,,60,4000,"อุนางิ 3,000-6,000 เยน",อาซากุสะมีร้านปลาไหลเก่าแก่หลายร้าน ราคาสูงแต่คุ้ม,,64,seed
โกคุระคุ ยากินิกุ (ชินจูกุ),Yakiniku Restaurants Shinjuku,焼肉 新宿,tokyo,tokyo_west,yakiniku,yakiniku|bbq|group|dinner,,,,mon-sun=11:00-22:00,,60,4000,"ต่อคน 3,000-6,000 เยน",บุฟเฟต์ทาเบะโฮไดคุ้มกว่าสั่งจาน ถ้ากลุ่มใหญ่ควรจอง,,70,seed
ชาบู ชาบู อนยาไซ,Shabu-Shabu Onyasai,しゃぶしゃぶ温野菜,tokyo,tokyo_west,shabu,shabu|hotpot|group|buffet,,,,mon-sun=11:00-22:00,,60,3500,"บุฟเฟต์ 3,000-4,500 เยน",บุฟเฟต์ชาบู 90-120 นาที ควรจองผ่านเว็บ,,64,seed
ซาโบเต็น (ทงคัตสึ),Saboten Tonkatsu,さぼてん,tokyo,tokyo_west,tonkatsu,tonkatsu|pork|quick,,,,mon-sun=11:00-22:00,,60,1600,"เซ็ต 1,300-2,200 เยน",ข้าวและกะหล่ำเติมฟรี มีในห้างเกือบทุกที่,,60,seed
มัตสึยะ / โยชิโนยะ (ข้าวหน้าเนื้อ),Gyudon Chains,牛丼チェーン,tokyo,tokyo_west,gyudon,gyudon|cheap|quick|24h,,,,mon-sun=11:00-22:00,,60,600,ชามละ 400-700 เยน,เปิด 24 ชม. ราคาถูกที่สุดสำหรับมื้อเร่งด่วน,,56,seed
โคจิ ยากิโทริ (โอโมอิเดะโยโกโช),Yakitori Omoide Yokocho,焼き鳥 思い出横丁,tokyo,tokyo_west,yakitori,yakitori|izakaya|night|local,,,,mon-sun=11:00-22:00,,60,2500,"ไม้ละ 150-300 เยน รวมราว 2,000-3,500",สั่งเป็นชุด omakase ง่ายกว่าเลือกเอง,,68,seed
มงจะยากิ สึกิชิมะ,Monjayaki Tsukishima,月島もんじゃ,tokyo,tokyo_east,monja,monja|local|group|dinner,,,,mon-sun=11:00-22:00,,60,2500,"ต่อคน 2,000-3,500 เยน",ถนนทั้งสายเป็นร้านมงจะ เป็นอาหารเฉพาะโตเกียว,,66,seed
โอโคโนมิยากิ คิจิ,Okonomiyaki Kiji,お好み焼き,tokyo,tokyo_west,okonomiyaki,okonomiyaki|group|dinner,,,,mon-sun=11:00-22:00,,60,1800,"จานละ 1,200-2,000 เยน",ทำให้เสร็จบนกระทะร้อน ไม่ต้องทำเอง,,58,seed
เคอร์รี่ CoCo Ichibanya,CoCo Ichibanya Curry,CoCo壱番屋,tokyo,tokyo_west,curry,curry|cheap|customizable,,,,mon-sun=11:00-22:00,,60,1000,"จานละ 700-1,300 เยน",เลือกความเผ็ดได้ 1-10 คนไทยสั่งระดับ 5 ขึ้นไปได้สบาย,,60,seed
โซบะ ฟูจิ (ชินจูกุ),Standing Soba Shinjuku,立ち食いそば,tokyo,tokyo_west,soba,soba|cheap|quick,,,,mon-sun=11:00-22:00,,60,500,ชามละ 350-700 เยน,โซบะยืนกินในสถานี เร็วและถูกมาก,,54,seed
คิสสะเต็น (คาเฟ่โชวะ),Kissaten Retro Cafe,喫茶店,tokyo,tokyo_east,cafe,cafe|retro|photo|breakfast,,,,mon-sun=11:00-22:00,,60,1200,"กาแฟ+มอร์นิ่งเซ็ต 700-1,300 เยน",มอร์นิ่งเซ็ตก่อน 11 โมงคุ้มมาก บรรยากาศย้อนยุค,,64,seed
Blue Bottle Coffee,Blue Bottle Coffee,ブルーボトルコーヒー,tokyo,tokyo_west,cafe,cafe|coffee|specialty,,,,mon-sun=11:00-22:00,,60,800,กาแฟ 550-900 เยน,สาขาคิโยสุมิและนากาเมกุโระบรรยากาศดีสุด,,58,seed
Harbs (เค้ก),HARBS Cake,ハーブス,tokyo,tokyo_west,cafe,cafe|dessert|cake,,,,mon-sun=11:00-22:00,,60,1400,"เค้กชิ้นละ 900-1,300 เยน",ชิ้นใหญ่มาก แชร์กันได้ 2 คน,,58,seed
ตลาดขนม Don Quijote,Don Quijote,ドン・キホーテ,tokyo,tokyo_west,shopping,shopping|souvenir|24h|tax_free,,,,mon-sun=11:00-22:00,,60,3000,,เปิด 24 ชม. ซื้อของฝากดึก ๆ ได้ ทำ tax free ได้,,70,seed
ร้านสะดวกซื้อ 7-Eleven / Lawson,Konbini,コンビニ,tokyo,tokyo_west,convenience,cheap|24h|breakfast|quick,,,,mon-sun=11:00-22:00,,60,500,มื้อละ 300-800 เยน,ของกินคุณภาพดีเกินราคา ATM ถอนเงินได้ด้วยบัตรต่างประเทศ,,72,seed
อิเคะบุคุโระ ซันไชน์ซิตี้,Sunshine City Ikebukuro,サンシャインシティ,tokyo,tokyo_west,shopping,shopping|aquarium|family|rainy_day,35.7290,139.7190,,mon-sun=10:00-20:00,,120,,,อควาเรียมบนดาดฟ้าและพิพิธภัณฑ์โปเกมอน เหมาะวันฝนตก,,68,seed
ปาร์คโปเกมอนเซ็นเตอร์ (อิเคะบุคุโระ),Pokemon Center Mega Tokyo,ポケモンセンターメガトウキョー,tokyo,tokyo_west,shopping,anime|kids|souvenir|shopping,35.7290,139.7190,,mon-sun=10:00-20:00,,45,,,สาขาใหญ่ที่สุด ของสะสมเยอะ,,62,seed
โอโตเมะโรด (อิเคะบุคุโระ),Otome Road,乙女ロード,tokyo,tokyo_west,shopping,anime|otaku|shopping,35.7300,139.7180,,mon-sun=10:00-20:00,,60,,,โซนอนิเมะสำหรับผู้หญิง ตรงข้ามอากิบะ,,50,seed
นากาโนะบรอดเวย์,Nakano Broadway,中野ブロードウェイ,tokyo,tokyo_west,shopping,anime|vintage|otaku|shopping,35.7080,139.6650,,mon-sun=10:00-20:00,,90,,,ของสะสมมือสองหายาก คนน้อยกว่าอากิบะมาก,,64,seed
โคเอ็นจิ,Koenji,高円寺,tokyo,tokyo_west,street,vintage|music|local|cafe,35.7050,139.6500,,mon-sun=10:00-20:00,,90,,,ร้านเสื้อมือสองเยอะที่สุดในโตเกียว บรรยากาศอินดี้,,58,seed
คิจิโจจิ,Kichijoji,吉祥寺,tokyo,tokyo_west,street,local|park|shopping|cafe,35.7030,139.5800,,mon-sun=10:00-20:00,,120,,,ย่านที่คนญี่ปุ่นโหวตว่าน่าอยู่ที่สุด มีสวนอิโนคาชิระ,,70,seed
สวนอิโนคาชิระ,Inokashira Park,井の頭公園,tokyo,tokyo_west,park,park|sakura|boat|free,35.7000,139.5750,,mon-sun=10:00-20:00,,60,,0,เรือเป็ดถีบเล่นได้ ซากุระริมบ่อสวยมาก,,66,seed
พิพิธภัณฑ์กิบลิ,Ghibli Museum Mitaka,三鷹の森ジブリ美術館,tokyo,tokyo_west,museum,anime|family|kids|must_book,35.6960,139.5700,,mon-sun=10:00-20:00,,120,1000,"ผู้ใหญ่ 1,000 เยน",ต้องจองล่วงหน้าเป็นเดือน ตั๋วขายเป็นรอบ ห้ามถ่ายรูปด้านใน,,88,seed
ฮาราจูกุ แคทสตรีท,Cat Street Harajuku,キャットストリート,tokyo,tokyo_west,street,shopping|street_wear|walk|cafe,35.6680,139.7080,,mon-sun=10:00-20:00,,60,,,ถนนเชื่อมฮาราจูกุกับชิบูย่า ร้านสตรีทแวร์เยอะ,,60,seed
สวนโคอิชิคาวะ โคระคุเอ็น,Koishikawa Korakuen,小石川後楽園,tokyo,tokyo_west,park,garden|autumn|quiet|photo,35.7050,139.7490,,mon-sun=10:00-20:00,,60,300,300 เยน,สวนญี่ปุ่นเก่าแก่ที่สุดแห่งหนึ่ง ใบไม้แดงปลายพฤศจิกายน,,56,seed
โตเกียวโดม ซิตี้,Tokyo Dome City,東京ドームシティ,tokyo,tokyo_west,attraction,family|kids|baseball|onsen,35.7050,139.7520,,mon-sun=10:00-20:00,,120,,,มีสวนสนุก ออนเซน LaQua และสนามเบสบอล,,56,seed
ศาลเจ้าเนซุ,Nezu Shrine,根津神社,tokyo,tokyo_east,shrine,shrine|torii|photo|azalea,35.7200,139.7600,,mon-sun=10:00-20:00,,45,0,ฟรี,อุโมงค์เสาโทริอิแดงแบบฟุชิมิอินาริ แต่อยู่ในโตเกียวและคนน้อย,,70,seed
ย่านคิโยสุมิ ชิรากาวะ,Kiyosumi Shirakawa,清澄白河,tokyo,tokyo_east,street,cafe|coffee|art|local|walk,35.6820,139.8000,,mon-sun=10:00-20:00,,90,,,เมืองหลวงกาแฟของโตเกียว มีสวนคิโยสุมิและพิพิธภัณฑ์ศิลปะร่วมสมัย,,60,seed
โตเกียวสเตชั่น (ตึกอิฐแดง),Tokyo Station Marunouchi,東京駅,tokyo,tokyo_east,landmark,architecture|photo|shopping|food,35.6812,139.7671,,mon-sun=10:00-20:00,,45,,,ตึกอิฐแดงสวยตอนค่ำ ใต้ดินมี Character Street และ Ramen Street,,70,seed
อิมพีเรียลพาเลซ (สวนตะวันออก),Imperial Palace East Gardens,皇居東御苑,tokyo,tokyo_east,park,park|history|free|walk,35.6852,139.7528,,mon-sun=10:00-20:00,,75,0,ฟรี,ปิดวันจันทร์และวันศุกร์ เข้าฟรี,,58,seed
โอดะอิบะ โจโยฟุ (โซนโอไดบะเพิ่มเติม),Palette Town Area,パレットタウン,tokyo,tokyo_bay,attraction,shopping|photo,35.6250,139.7800,,mon-sun=10:00-20:00,,60,,,พื้นที่กำลังพัฒนาใหม่ เช็กว่าอะไรเปิดอยู่ก่อนไป,,40,seed
สวนชิบะ,Shiba Park,芝公園,tokyo,tokyo_west,park,park|free|photo|tokyo_tower,35.6560,139.7490,,mon-sun=10:00-20:00,,30,0,ฟรี,มุมถ่ายโตเกียวทาวเวอร์จากสวนสวยกว่ายืนใต้ตึก,,48,seed
ฮิบิยะ ปาร์ค,Hibiya Park,日比谷公園,tokyo,tokyo_east,park,park|free|quiet|walk,35.6740,139.7560,,mon-sun=10:00-20:00,,45,0,ฟรี,สวนสไตล์ตะวันตกแห่งแรกของญี่ปุ่น,,44,seed
ตลาดโอโตริ (โซนอาซากุสะ),Hoppy Street Asakusa,ホッピー通り,tokyo,tokyo_east,food,izakaya|local|night|cheap,35.7140,139.7940,,mon-sun=10:00-20:00,,90,2500,"ต่อคน 2,000-3,000 เยน",นั่งกินข้างทางแบบคนท้องถิ่น เปิดตั้งแต่บ่าย,,64,seed
สวนสนุกฮานะยาชิกิ,Hanayashiki Amusement Park,浅草花やしき,tokyo,tokyo_east,theme_park,family|kids|retro|photo,35.7150,139.7940,,mon-sun=10:00-20:00,,90,1200,"ค่าเข้า 1,200 เยน",สวนสนุกเก่าแก่ที่สุดในญี่ปุ่น เล็กแต่มีเสน่ห์,,52,seed
ตึกอาซากุสะคัลเจอร์เซ็นเตอร์ (ชมวิวฟรี),Asakusa Culture Tourist Center,浅草文化観光センター,tokyo,tokyo_east,view,view|free|photo,35.7110,139.7960,,mon-sun=10:00-20:00,,20,0,ฟรี,ชั้น 8 ชมวิววัดเซนโซจิและสกายทรีฟรี,,62,seed
โคโตะ ริเวอร์ไซด์ (แม่น้ำสุมิดะ),Sumida Park,隅田公園,tokyo,tokyo_east,park,park|sakura|free|photo,35.7130,139.8010,,mon-sun=10:00-20:00,,45,0,ฟรี,ซากุระริมแม่น้ำกับสกายทรีเป็นมุมยอดฮิต,,64,seed
ล่องเรือแม่น้ำสุมิดะ,Sumida River Cruise,隅田川クルーズ,tokyo,tokyo_east,transport,boat|view|photo|family,35.7100,139.7980,,mon-sun=10:00-20:00,,45,1200,"เที่ยวละ 1,000-1,700 เยน",นั่งจากอาซากุสะไปโอไดบะ เห็นสะพานหลายแบบ,,66,seed
ชินจูกุ ไอ แลนด์ (ฟรีวิว),Bunkyo Civic Center Observatory,文京シビックセンター,tokyo,tokyo_west,view,view|free|photo|rainy_day,35.7080,139.7520,,mon-sun=10:00-20:00,,30,0,ฟรี,จุดชมวิวฟรีที่คนไม่ค่อยรู้ วันฟ้าใสเห็นฟูจิ,,54,seed
ซันชิเมะ ยาไต (โซนอุเอโนะ),Ueno Okachimachi,上野御徒町,tokyo,tokyo_east,shopping,shopping|cheap|market,35.7070,139.7740,,mon-sun=10:00-20:00,,60,,,ต่อจากอาเมโยโกะ ร้านกีฬาและรองเท้าราคาถูก,,46,seed
โรงแรมย่านชินจูกุ,Shinjuku Area Hotels,新宿エリアホテル,tokyo,tokyo_west,stay,stay|hotel,,,,,,0,12000,"ห้องคู่ 8,000-18,000 เยน/คืน",ขนส่งดีที่สุด เดินทางไปไหนก็สะดวก เสียงดังกลางคืนบ้าง,,55,seed
โรงแรมย่านชิบูย่า,Shibuya Area Hotels,渋谷エリアホテル,tokyo,tokyo_west,stay,stay|hotel,,,,,,0,14000,"ห้องคู่ 10,000-20,000 เยน/คืน",เหมาะกลุ่มวัยรุ่น ราคาสูงกว่าย่านอื่น,,55,seed
โรงแรมย่านอุเอโนะ,Ueno Area Hotels,上野エリアホテル,tokyo,tokyo_east,stay,stay|hotel,,,,,,0,8000,"ห้องคู่ 6,000-12,000 เยน/คืน",ถูกกว่าชินจูกุ ใกล้สนามบินนาริตะที่สุด (Keisei Skyliner),,55,seed
โรงแรมย่านอาซากุสะ,Asakusa Area Hotels,浅草エリアホテル,tokyo,tokyo_east,stay,stay|hotel,,,,,,0,8000,"ห้องคู่ 5,000-12,000 เยน/คืน",บรรยากาศเมืองเก่า ราคาดี เดินไปสกายทรีได้,,55,seed
โรงแรมย่านโตเกียวสเตชั่น,Tokyo Station Area Hotels,東京駅エリアホテル,tokyo,tokyo_east,stay,stay|hotel,,,,,,0,15000,"ห้องคู่ 10,000-25,000 เยน/คืน",เหมาะถ้าต้องต่อชินคันเซ็น ราคาสูง,,55,seed
โรงแรมย่านอิเคะบุคุโระ,Ikebukuro Area Hotels,池袋エリアホテル,tokyo,tokyo_west,stay,stay|hotel,,,,,,0,9000,"ห้องคู่ 6,000-14,000 เยน/คืน",คุ้มราคา ต่อรถไปคาวาโกเอะสะดวก,,55,seed
เรียวกังฮาโกเน่,Hakone Ryokan,箱根旅館,hakone,hakone,stay,stay|hotel,,,,,,0,25000,"ต่อคน 15,000-40,000 เยน/คืน (รวมอาหาร 2 มื้อ)",ราคาคิดต่อคนไม่ใช่ต่อห้อง รวมไคเซกิและออนเซนส่วนตัว,,55,seed
เรียวกังคาวากุจิโกะ,Kawaguchiko Ryokan,河口湖旅館,fujikawaguchiko,fuji,stay,stay|hotel,,,,,,0,20000,"ต่อคน 12,000-35,000 เยน/คืน",จองห้องวิวฟูจิต้องล่วงหน้านานมาก โดยเฉพาะช่วงใบไม้เปลี่ยนสี,,55,seed
โฮสเทลโตเกียว,Tokyo Hostels,東京ホステル,tokyo,tokyo_east,stay,stay|hotel,,,,,,0,3500,"เตียงละ 2,500-5,000 เยน/คืน",ประหยัดที่สุด เหมาะเดินทางคนเดียวหรือกลุ่มงบน้อย,,55,seed
แคปซูลโฮเทล,Capsule Hotel,カプセルホテル,tokyo,tokyo_west,stay,stay|hotel,,,,,,0,4500,"เตียงละ 3,000-6,000 เยน/คืน",หลายที่แยกโซนชาย-หญิง มีออนเซนในตัว,,55,seed
Narita Express (N'EX),Narita Express,成田エクスプレス,tokyo,tokyo_east,transport,transport,,,,,,0,3070,"เที่ยวละ 3,070 เยน (ตั๋วนักท่องเที่ยวไป-กลับ 5,000 เยน)",นาริตะ→โตเกียว 60 นาที ตั๋วไป-กลับสำหรับต่างชาติคุ้มกว่ามาก,,50,seed
Keisei Skyliner,Keisei Skyliner,京成スカイライナー,tokyo,tokyo_east,transport,transport,,,,,,0,2570,"เที่ยวละ 2,570 เยน",นาริตะ→อุเอโนะ 41 นาที เร็วที่สุด,,50,seed
Tokyo Monorail (ฮาเนดะ),Tokyo Monorail,東京モノレール,tokyo,tokyo_bay,transport,transport,,,,,,0,500,ราว 500 เยน,ฮาเนดะ→ฮามามัตสึโจ 15 นาที ถูกและเร็ว,,50,seed
บัตร Suica / Pasmo,Suica / Pasmo IC Card,スイカ/パスモ,tokyo,tokyo_east,transport,transport,,,,,,0,2000,"เติมขั้นต่ำ 1,000-2,000 เยน",ใช้ได้ทั้งรถไฟ บัส ร้านสะดวกซื้อ ผูกกับ Apple Wallet ได้,,50,seed
Tokyo Subway Ticket 72 ชม.,Tokyo Subway 72-hour Ticket,東京サブウェイチケット,tokyo,tokyo_east,transport,transport,,,,,,0,1500,"1,500 เยน/72 ชม.",คุ้มมากถ้านั่งรถไฟใต้ดินเกิน 4 เที่ยว/วัน ซื้อได้ที่สนามบิน,,50,seed
Hakone Free Pass,Hakone Free Pass,箱根フリーパス,hakone,hakone,transport,transport,,,,,,0,6100,"2 วัน 6,100 เยน จากชินจูกุ",รวมรถไฟ กระเช้า เรือโจรสลัด และบัสทั้งหมดในฮาโกเน่,,50,seed
Fuji Hakone Pass,Fuji Hakone Pass,富士箱根パス,fujikawaguchiko,fuji,transport,transport,,,,,,0,9770,"3 วัน ราว 9,770 เยน",รวมฟูจิและฮาโกเน่ คุ้มถ้าไปทั้งสองที่,,50,seed
บัสด่วนไปคาวากุจิโกะ,Highway Bus to Kawaguchiko,高速バス 河口湖,fujikawaguchiko,fuji,transport,transport,,,,,,0,2000,"เที่ยวละ 2,000-2,200 เยน",จากชินจูกุ 2 ชม. ถูกกว่ารถไฟ ต้องจองล่วงหน้า,,50,seed
JR Pass (ระดับประเทศ),Japan Rail Pass,ジャパンレールパス,tokyo,tokyo_east,transport,transport,,,,,,0,50000,"7 วัน ราว 50,000 เยน",คุ้มเฉพาะถ้าไปต่างเมืองไกล ๆ ทริปเฉพาะโตเกียวไม่คุ้ม,,50,seed
แท็กซี่ในโตเกียว,Tokyo Taxi,タクシー,tokyo,tokyo_west,transport,transport,,,,,,0,2500,"เริ่มต้น 500 เยน ระยะสั้นราว 1,500-3,000 เยน",แพงมาก ใช้เฉพาะตอนดึกหลังรถไฟหมดหรือของเยอะ,,50,seed
โกดังสถานีชินจูกุ (ทางออกใต้ใหม่),Newoman Shinjuku,ニュウマン新宿,tokyo,tokyo_west,shopping,shopping|food|station,,,,mon-sun=10:00-19:00,,60,,,,,45,seed
โลโก้ Lumine Est ชินจูกุ,Lumine Est Shinjuku,ルミネエスト新宿,tokyo,tokyo_west,shopping,shopping|fashion,,,,mon-sun=10:00-19:00,,60,,,,,45,seed
ห้าง Isetan ชินจูกุ,Isetan Shinjuku,伊勢丹新宿,tokyo,tokyo_west,shopping,shopping|depachika|food,,,,mon-sun=10:00-19:00,,60,,,,,45,seed
เดปาจิกะ อิเซตัน (ชั้นใต้ดินอาหาร),Isetan Depachika,伊勢丹デパ地下,tokyo,tokyo_west,food,food|depachika|souvenir,,,,mon-sun=10:00-19:00,,60,,,,,45,seed
ห้าง Shibuya Hikarie,Shibuya Hikarie,渋谷ヒカリエ,tokyo,tokyo_west,shopping,shopping|view|food,,,,mon-sun=10:00-19:00,,60,,,,,45,seed
ห้าง Shibuya Parco,Shibuya Parco,渋谷パルコ,tokyo,tokyo_west,shopping,shopping|anime|nintendo,,,,mon-sun=10:00-19:00,,60,,,,,45,seed
Nintendo Tokyo (Parco),Nintendo Tokyo,ニンテンドートウキョウ,tokyo,tokyo_west,shopping,games|souvenir|kids,,,,mon-sun=10:00-19:00,,60,,,,,45,seed
Jump Shop (Parco),Jump Shop Shibuya,ジャンプショップ,tokyo,tokyo_west,shopping,anime|souvenir,,,,mon-sun=10:00-19:00,,60,,,,,45,seed
Pokemon Center Shibuya,Pokemon Center Shibuya,ポケモンセンターシブヤ,tokyo,tokyo_west,shopping,anime|kids|souvenir,,,,mon-sun=10:00-19:00,,60,,,,,45,seed
Tokyu Hands / Hands ชิบูย่า,Hands Shibuya,ハンズ渋谷,tokyo,tokyo_west,shopping,shopping|souvenir|rainy_day,,,,mon-sun=10:00-19:00,,60,,,,,45,seed
Loft ชิบูย่า,Loft Shibuya,ロフト渋谷,tokyo,tokyo_west,shopping,shopping|stationery|souvenir,,,,mon-sun=10:00-19:00,,60,,,,,45,seed
Bic Camera ชินจูกุ,Bic Camera Shinjuku,ビックカメラ新宿,tokyo,tokyo_west,shopping,electronics|tax_free,,,,mon-sun=10:00-19:00,,60,,,,,45,seed
Uniqlo สาขาเรือธง กินซ่า,Uniqlo Ginza,ユニクロ銀座,tokyo,tokyo_east,shopping,shopping|fashion|tax_free,,,,mon-sun=10:00-19:00,,60,,,,,45,seed
GU สาขากินซ่า,GU Ginza,ジーユー銀座,tokyo,tokyo_east,shopping,shopping|fashion|cheap,,,,mon-sun=10:00-19:00,,60,,,,,45,seed
Muji สาขาเรือธง กินซ่า,Muji Ginza,無印良品銀座,tokyo,tokyo_east,shopping,shopping|design|cafe,,,,mon-sun=10:00-19:00,,60,,,,,45,seed
Daiso สาขาใหญ่ ฮาราจูกุ,Daiso Harajuku,ダイソー原宿,tokyo,tokyo_west,shopping,shopping|cheap|souvenir,,,,mon-sun=10:00-19:00,,60,,,,,45,seed
Kiddy Land ฮาราจูกุ,Kiddy Land Harajuku,キディランド原宿,tokyo,tokyo_west,shopping,kids|souvenir|anime,,,,mon-sun=10:00-19:00,,60,,,,,45,seed
WEGO / ร้านมือสองฮาราจูกุ,Harajuku Vintage Shops,原宿古着屋,tokyo,tokyo_west,shopping,vintage|fashion|shopping,,,,mon-sun=10:00-19:00,,60,,,,,45,seed
ตึก Tokyu Plaza Omotesando,Tokyu Plaza Omotesando,東急プラザ表参道,tokyo,tokyo_west,shopping,photo|shopping|architecture,,,,mon-sun=10:00-19:00,,60,,,,,45,seed
สวนบนดาดฟ้า Tokyu Plaza,Omohara Forest Rooftop,おもはらの森,tokyo,tokyo_west,view,free|photo|rooftop,,,,mon-sun=10:00-19:00,,60,,,,,45,seed
Shibuya 109,Shibuya 109,渋谷109,tokyo,tokyo_west,shopping,shopping|fashion|youth,,,,mon-sun=10:00-19:00,,60,,,,,45,seed
Magnet by Shibuya109 (ดาดฟ้า),Magnet by Shibuya109 Rooftop,マグネット渋谷,tokyo,tokyo_west,view,photo|view|crossing,,,,mon-sun=10:00-19:00,,60,,,,,45,seed
Mega Don Quijote ชิบูย่า,Mega Don Quijote Shibuya,メガドンキ渋谷,tokyo,tokyo_west,shopping,shopping|24h|souvenir,,,,mon-sun=10:00-19:00,,60,,,,,45,seed
ตลาดเช้าฮาราจูกุ (Farmers Market),UNU Farmers Market,青山ファーマーズマーケット,tokyo,tokyo_west,market,market|local|weekend|food,,,,mon-sun=10:00-19:00,,60,,,,,45,seed
ร้านหนังสือ Tsutaya Daikanyama,Tsutaya Books Daikanyama,代官山蔦屋書店,tokyo,tokyo_west,shopping,books|cafe|design|quiet,,,,mon-sun=10:00-19:00,,60,,,,,45,seed
ย่านไดคังยามะ,Daikanyama,代官山,tokyo,tokyo_west,street,cafe|shopping|walk|quiet,,,,mon-sun=10:00-19:00,,60,,,,,45,seed
ย่านจิยูกาโอกะ,Jiyugaoka,自由が丘,tokyo,tokyo_west,street,cafe|sweets|shopping|local,,,,mon-sun=10:00-19:00,,60,,,,,45,seed
Sweets Forest จิยูกาโอกะ,Jiyugaoka Sweets,自由が丘スイーツ,tokyo,tokyo_west,cafe,dessert|cafe|sweets,,,,mon-sun=10:00-19:00,,60,,,,,45,seed
ย่านโมโนซากิ (โซนเมงูโระ),Meguro River Walk,目黒川,tokyo,tokyo_west,street,sakura|walk|photo|cafe,,,,mon-sun=10:00-19:00,,60,,,,,45,seed
พิพิธภัณฑ์ปรสิตวิทยา เมงูโระ,Meguro Parasitological Museum,目黒寄生虫館,tokyo,tokyo_west,museum,museum|weird|free|rainy_day,,,,mon-sun=10:00-19:00,,60,,,,,45,seed
ตลาดปลา อาดาจิ (โซนเหนือ),Adachi Market,足立市場,tokyo,tokyo_east,market,market|local|seafood,,,,mon-sun=10:00-19:00,,60,,,,,45,seed
สวนสาธารณะโทเนริ,Toneri Park,舎人公園,tokyo,tokyo_east,park,park|free|quiet,,,,mon-sun=10:00-19:00,,60,,,,,45,seed
ย่านคางุระซากะ,Kagurazaka,神楽坂,tokyo,tokyo_west,street,walk|cafe|french|local|quiet,,,,mon-sun=10:00-19:00,,60,,,,,45,seed
ศาลเจ้าอากิฮาบาระ (คันดะ),Kanda Festival Area,神田,tokyo,tokyo_east,street,local|walk|food,,,,mon-sun=10:00-19:00,,60,,,,,45,seed
ตรอกนอนเบเอะ โยโกโช (ชิบูย่า),Nonbei Yokocho,のんべい横丁,tokyo,tokyo_west,food,izakaya|night|local|photo,,,,mon-sun=10:00-19:00,,60,,,,,45,seed
เอบิสุ โยโกโช,Ebisu Yokocho,恵比寿横丁,tokyo,tokyo_west,food,izakaya|night|local|group,,,,mon-sun=10:00-19:00,,60,,,,,45,seed
โคเอ็นจิ จุนโจ ชอตเทนไก,Koenji Junjo Shotengai,高円寺純情商店街,tokyo,tokyo_west,street,local|shopping|cheap,,,,mon-sun=10:00-19:00,,60,,,,,45,seed
อาซากุสะ เดนโบอิน โดริ,Denboin Street Asakusa,伝法院通り,tokyo,tokyo_east,street,photo|retro|walk,,,,mon-sun=10:00-19:00,,60,,,,,45,seed
ตลาดนัดวัดโทกิว (ของเก่า),Oedo Antique Market,大江戸骨董市,tokyo,tokyo_east,market,market|antique|weekend,,,,mon-sun=10:00-19:00,,60,,,,,45,seed
โรงอาบน้ำสาธารณะ เซนโต,Sento Public Bath,銭湯,tokyo,tokyo_east,onsen,onsen|local|cheap|relax,,,,mon-sun=10:00-19:00,,60,,,,,45,seed
ออนเซน Thermae-Yu ชินจูกุ,Thermae-Yu Shinjuku,テルマー湯,tokyo,tokyo_west,onsen,onsen|relax|late_night,,,,mon-sun=10:00-19:00,,60,,,,,45,seed
Spa LaQua โตเกียวโดม,Spa LaQua,スパ ラクーア,tokyo,tokyo_west,onsen,onsen|relax|rainy_day,,,,mon-sun=10:00-19:00,,60,,,,,45,seed
คาราโอเกะ Big Echo,Karaoke,カラオケ,tokyo,tokyo_west,entertainment,karaoke|night|group|rainy_day,,,,mon-sun=10:00-19:00,,60,,,,,45,seed
เกมเซ็นเตอร์ GiGO อากิบะ,GiGO Akihabara,GiGO秋葉原,tokyo,tokyo_east,entertainment,games|arcade|anime|rainy_day,,,,mon-sun=10:00-19:00,,60,,,,,45,seed
Round1 Stadium,Round1 Stadium,ラウンドワン,tokyo,tokyo_west,entertainment,games|bowling|group|rainy_day,,,,mon-sun=10:00-19:00,,60,,,,,45,seed
โบว์ลิ่งชิบูย่า,Shibuya Bowling,渋谷ボウリング,tokyo,tokyo_west,entertainment,bowling|group|night,,,,mon-sun=10:00-19:00,,60,,,,,45,seed
สนามเบสบอลจินกุ,Meiji Jingu Stadium,明治神宮野球場,tokyo,tokyo_west,attraction,sport|baseball|local|night,,,,mon-sun=10:00-19:00,,60,,,,,45,seed
โตเกียวโดม (เบสบอล),Tokyo Dome,東京ドーム,tokyo,tokyo_west,attraction,sport|baseball|concert,,,,mon-sun=10:00-19:00,,60,,,,,45,seed
Zepp DiverCity (คอนเสิร์ต),Zepp DiverCity,Zeppダイバーシティ,tokyo,tokyo_bay,entertainment,music|concert|night,,,,mon-sun=10:00-19:00,,60,,,,,45,seed
อควาเรียม Sumida (ใต้สกายทรี),Sumida Aquarium,すみだ水族館,tokyo,tokyo_east,attraction,aquarium|family|kids|rainy_day,,,,mon-sun=10:00-19:00,,60,,,,,45,seed
อควาเรียม Maxell Aqua Park ชินางาวะ,Maxell Aqua Park Shinagawa,アクアパーク品川,tokyo,tokyo_west,attraction,aquarium|family|night|rainy_day,,,,mon-sun=10:00-19:00,,60,,,,,45,seed
โซนอาซาบุได ฮิลส์,Azabudai Hills,麻布台ヒルズ,tokyo,tokyo_west,shopping,new|architecture|shopping|food,,,,mon-sun=10:00-19:00,,60,,,,,45,seed
โตเกียวทาวเวอร์ฟุตทาวน์,Tokyo Tower Foot Town,フットタウン,tokyo,tokyo_west,shopping,souvenir|family|rainy_day,,,,mon-sun=10:00-19:00,,60,,,,,45,seed
ตลาดกลางคืน เอบิสุ,Ebisu Night Market,恵比寿ナイトマーケット,tokyo,tokyo_west,food,night|food|local,,,,mon-sun=10:00-19:00,,60,,,,,45,seed
โคจิมาจิ / ยตสึยะ (ย่านเงียบ),Yotsuya Area,四谷,tokyo,tokyo_west,street,quiet|local|walk,,,,mon-sun=10:00-19:00,,60,,,,,45,seed
สวนริกุกิเอ็น,Rikugien Garden,六義園,tokyo,tokyo_east,park,garden|autumn|sakura|photo,,,,mon-sun=10:00-19:00,,60,,,,,45,seed
สวนคิวฟุรุกาวะ,Kyu-Furukawa Gardens,旧古河庭園,tokyo,tokyo_east,park,garden|rose|photo|quiet,,,,mon-sun=10:00-19:00,,60,,,,,45,seed
ย่านโมโนซากุระ ยานากะ (สุสานยานากะ),Yanaka Cemetery,谷中霊園,tokyo,tokyo_east,park,sakura|quiet|walk|photo,,,,mon-sun=10:00-19:00,,60,,,,,45,seed
วัดโกโคคุจิ,Gokokuji Temple,護国寺,tokyo,tokyo_east,temple,temple|quiet|free,,,,mon-sun=10:00-19:00,,60,,,,,45,seed
ตลาดโทมิน (โซนอาซากุสะ),Asakusa Underground Street,浅草地下街,tokyo,tokyo_east,food,retro|cheap|local|weird,,,,mon-sun=10:00-19:00,,60,,,,,45,seed
Sky Circus ซันไชน์ 60,Sky Circus Sunshine 60,スカイサーカス,tokyo,tokyo_west,view,view|vr|family|rainy_day,,,,mon-sun=10:00-19:00,,60,,,,,45,seed
Shibuya Stream,Shibuya Stream,渋谷ストリーム,tokyo,tokyo_west,shopping,food|walk|new,,,,mon-sun=10:00-19:00,,60,,,,,45,seed
Miyashita Park,Miyashita Park,ミヤシタパーク,tokyo,tokyo_west,park,rooftop|food|shopping|photo,,,,mon-sun=10:00-19:00,,60,,,,,45,seed
โซนอูราฮาระ (หลังฮาราจูกุ),Ura-Harajuku,裏原宿,tokyo,tokyo_west,shopping,street_wear|vintage|local,,,,mon-sun=10:00-19:00,,60,,,,,45,seed
ตลาดต้นไม้ โคเอ็นจิ,Koenji Flea Market,高円寺フリマ,tokyo,tokyo_west,market,market|vintage|weekend,,,,mon-sun=10:00-19:00,,60,,,,,45,seed
Sunshine Aquarium,Sunshine Aquarium,サンシャイン水族館,tokyo,tokyo_west,attraction,aquarium|family|kids|rainy_day,,,,mon-sun=10:00-19:00,,60,,,,,45,seed
โรงละครคาบูกิซะ,Kabukiza Theatre,歌舞伎座,tokyo,tokyo_east,attraction,culture|theatre|traditional,,,,mon-sun=10:00-19:00,,60,,,,,45,seed
ตั๋วชมคาบูกิองก์เดียว,Kabukiza Single Act Ticket,一幕見席,tokyo,tokyo_east,attraction,culture|theatre|cheap,,,,mon-sun=10:00-19:00,,60,,,,,45,seed
Tokyo International Forum,Tokyo International Forum,東京国際フォーラム,tokyo,tokyo_east,landmark,architecture|photo|free,,,,mon-sun=10:00-19:00,,60,,,,,45,seed
ย่านนิฮงบาชิ,Nihonbashi,日本橋,tokyo,tokyo_east,street,history|shopping|walk,,,,mon-sun=10:00-19:00,,60,,,,,45,seed
Coredo Muromachi,Coredo Muromachi,コレド室町,tokyo,tokyo_east,shopping,food|shopping|souvenir,,,,mon-sun=10:00-19:00,,60,,,,,45,seed
ย่านคันดะ ราเมงสตรีท,Tokyo Ramen Street,東京ラーメンストリート,tokyo,tokyo_east,food,ramen|food|station|quick,,,,mon-sun=10:00-19:00,,60,,,,,45,seed
โตเกียว คาแรคเตอร์สตรีท,Tokyo Character Street,東京キャラクターストリート,tokyo,tokyo_east,shopping,anime|souvenir|kids|station,,,,mon-sun=10:00-19:00,,60,,,,,45,seed
โซนของฝากสถานีโตเกียว (Daimaru),Daimaru Tokyo,大丸東京,tokyo,tokyo_east,shopping,souvenir|depachika|food,,,,mon-sun=10:00-19:00,,60,,,,,45,seed
โกดัง Ariake Garden,Ariake Garden,有明ガーデン,tokyo,tokyo_bay,shopping,shopping|onsen|family|new,,,,mon-sun=10:00-19:00,,60,,,,,45,seed
ตลาดปลา Odaiba (โซนใหม่),Odaiba Marine Park,お台場マリンパーク,tokyo,tokyo_bay,park,park|sea|free,,,,mon-sun=10:00-19:00,,60,,,,,45,seed
Symbol Promenade Park,Symbol Promenade Park,シンボルプロムナード公園,tokyo,tokyo_bay,park,park|walk|free,,,,mon-sun=10:00-19:00,,60,,,,,45,seed
ท่าเรือฮิโนเดะ,Hinode Pier,日の出桟橋,tokyo,tokyo_bay,transport,boat|view|transport,,,,mon-sun=10:00-19:00,,60,,,,,45,seed
Small Worlds Tokyo,SMALL WORLDS TOKYO,スモールワールズ,tokyo,tokyo_bay,museum,family|kids|anime|rainy_day,,,,mon-sun=10:00-19:00,,60,,,,,45,seed
ย่านคาซาอิ (โซนตะวันออก),Kasai Area,葛西,tokyo,tokyo_bay,street,local|quiet,,,,mon-sun=10:00-19:00,,60,,,,,45,seed
โกดังโยโกฮาม่า World Porters,Yokohama World Porters,ワールドポーターズ,yokohama,yokohama,shopping,shopping|food|cinema,,,,mon-sun=10:00-19:00,,60,,,,,45,seed
โยโกฮาม่า แอร์แคบิน,Yokohama Air Cabin,ヨコハマエアキャビン,yokohama,yokohama,transport,view|photo|family,,,,mon-sun=10:00-19:00,,60,,,,,45,seed
สวนสนุกโยโกฮาม่า Cosmo World,Yokohama Cosmo World,よこはまコスモワールド,yokohama,yokohama,theme_park,family|kids|night|photo,,,,mon-sun=10:00-19:00,,60,,,,,45,seed
พิพิธภัณฑ์ประวัติศาสตร์โยโกฮาม่า,Yokohama Archives of History,横浜開港資料館,yokohama,yokohama,museum,museum|history|rainy_day,,,,mon-sun=10:00-19:00,,60,,,,,45,seed
สวนอังกฤษ ยามาเตะ,Yamate Italian Garden,山手イタリア山庭園,yokohama,yokohama,park,garden|free|photo|quiet,,,,mon-sun=10:00-19:00,,60,,,,,45,seed
ท่าเรือโยโกฮาม่า Hammerhead,Yokohama Hammerhead,ハンマーヘッド,yokohama,yokohama,shopping,food|shopping|sea|new,,,,mon-sun=10:00-19:00,,60,,,,,45,seed
ตลาดปลาโยโกฮาม่า,Yokohama Fish Market,横浜市場,yokohama,yokohama,market,market|seafood|local|breakfast,,,,mon-sun=10:00-19:00,,60,,,,,45,seed
ศาลเจ้าคามาคุระ ซาสุเกะ อินาริ,Sasuke Inari Shrine,佐助稲荷神社,kamakura,kamakura,shrine,shrine|torii|quiet|photo,,,,mon-sun=10:00-19:00,,60,,,,,45,seed
ถ้ำเซนิอาไร เบ็นไซเท็น,Zeniarai Benzaiten,銭洗弁財天,kamakura,kamakura,shrine,shrine|unique|culture|photo,,,,mon-sun=10:00-19:00,,60,,,,,45,seed
ชายหาดยุยกาฮามะ,Yuigahama Beach,由比ヶ浜,kamakura,kamakura,nature,beach|sea|sunset|free,,,,mon-sun=10:00-19:00,,60,,,,,45,seed
วัดเองากุจิ (คิตะคามาคุระ),Engakuji Temple,円覚寺,kamakura,kamakura,temple,temple|zen|autumn|quiet,,,,mon-sun=10:00-19:00,,60,,,,,45,seed
วัดเค็นโชจิ,Kenchoji Temple,建長寺,kamakura,kamakura,temple,temple|zen|hiking|quiet,,,,mon-sun=10:00-19:00,,60,,,,,45,seed
เส้นทางเดินป่าไดบุตสึ,Daibutsu Hiking Trail,大仏ハイキングコース,kamakura,kamakura,nature,hiking|nature|free|walk,,,,mon-sun=10:00-19:00,,60,,,,,45,seed
พิพิธภัณฑ์สัตว์น้ำเอโนชิมะ,Enoshima Aquarium,新江ノ島水族館,kamakura,kamakura,attraction,aquarium|family|kids|rainy_day,,,,mon-sun=10:00-19:00,,60,,,,,45,seed
ถ้ำเอโนชิมะ อิวายะ,Enoshima Iwaya Cave,江の島岩屋,kamakura,kamakura,nature,cave|sea|photo,,,,mon-sun=10:00-19:00,,60,,,,,45,seed
สวนซามูเอลคอกกิ้ง เอโนชิมะ,Samuel Cocking Garden,サムエル・コッキング苑,kamakura,kamakura,park,garden|view|winter_illumination,,,,mon-sun=10:00-19:00,,60,,,,,45,seed
จุดชมวิวฟูจิ ทะเลสาบไซโกะ,Lake Saiko,西湖,fujikawaguchiko,fuji,nature,fuji|lake|quiet|photo,,,,mon-sun=10:00-19:00,,60,,,,,45,seed
หมู่บ้านไซโกะ อิยาชิ โนะ ซาโตะ,Saiko Iyashi-no-Sato Nenba,西湖いやしの里根場,fujikawaguchiko,fuji,attraction,fuji|village|photo|culture,,,,mon-sun=10:00-19:00,,60,,,,,45,seed
ทะเลสาบโชจิโกะ,Lake Shojiko,精進湖,fujikawaguchiko,fuji,nature,fuji|lake|quiet,,,,mon-sun=10:00-19:00,,60,,,,,45,seed
ทะเลสาบโมโตสึโกะ (วิวบนแบงก์ 1000 เยน),Lake Motosuko,本栖湖,fujikawaguchiko,fuji,nature,fuji|lake|photo|landmark,,,,mon-sun=10:00-19:00,,60,,,,,45,seed
ฟูจิ ชิบะซากุระ เฟสติวัล,Fuji Shibazakura Festival,富士芝桜まつり,fujikawaguchiko,fuji,attraction,fuji|flowers|seasonal|photo,,,,mon-sun=10:00-19:00,,60,,,,,45,seed
ศูนย์วิทยาศาสตร์ภูเขาไฟฟูจิ,Mt. Fuji World Heritage Center,富士山世界遺産センター,fujikawaguchiko,fuji,museum,museum|fuji|rainy_day,,,,mon-sun=10:00-19:00,,60,,,,,45,seed
จุดชมวิวคาชิคาชิยามะ,Mt. Tenjo Observation Deck,天上山展望台,fujikawaguchiko,fuji,view,fuji|view|photo,,,,mon-sun=10:00-19:00,,60,,,,,45,seed
ตลาดเช้าคาวาโกเอะ,Kawagoe Morning Market,川越朝市,kawagoe,kawagoe,market,market|local|weekend,,,,mon-sun=10:00-19:00,,60,,,,,45,seed
โรงเหล้าสาเก คาวาโกเอะ,Kawagoe Sake Brewery,川越酒蔵,kawagoe,kawagoe,attraction,sake|culture|tasting,,,,mon-sun=10:00-19:00,,60,,,,,45,seed
สวนสาธารณะคาวาโกเอะ,Kawagoe Castle Honmaru Goten,川越城本丸御殿,kawagoe,kawagoe,attraction,history|culture|quiet,,,,mon-sun=10:00-19:00,,60,,,,,45,seed
โยโกฮาม่า ซีพาราไดซ์,Yokohama Hakkeijima Sea Paradise,八景島シーパラダイス,yokohama,yokohama,theme_park,family|kids|aquarium|full_day,,,,mon-sun=10:00-19:00,,300,5600,"พาสรวม 5,600 เยน",สวนสนุก+อควาเรียมในที่เดียว เหมาะครอบครัวมีเด็ก,,50,seed
คามาคุระ โฮคาอิจิ (วัดโจมโยจิ),Jomyoji Temple,浄妙寺,kamakura,kamakura,temple,temple|tea|quiet|garden,,,,mon-sun=10:00-19:00,,45,100,100 เยน,มีเรือนน้ำชาแบบเซน คนน้อยมาก,,50,seed
เอโนชิมะ ซามูเอล (สะพานข้ามเกาะ),Enoshima Benten Bridge,江の島弁天橋,kamakura,kamakura,landmark,photo|sea|walk|free,,,,mon-sun=10:00-19:00,,20,0,ฟรี,วิวฟูจิจากสะพานตอนเย็นสวยมากในวันฟ้าใส,,50,seed
คาวาโกเอะ อิโมะ (ขนมมันเทศ),Kawagoe Sweet Potato Sweets,川越いも菓子,kawagoe,kawagoe,food,sweets|local|souvenir,,,,mon-sun=10:00-19:00,,30,600,ชิ้นละ 200-600 เยน,มันเทศเป็นของขึ้นชื่อประจำเมือง ซื้อเป็นของฝากได้,,50,seed
นาริตะซัน ชินโชจิ,Naritasan Shinshoji Temple,成田山新勝寺,narita,narita,temple,temple|culture|layover|free,,,,mon-sun=10:00-19:00,,90,0,เข้าฟรี,อยู่ใกล้สนามบินนาริตะ เหมาะฆ่าเวลาถ้าไฟลท์ดึก,,50,seed
ถนนโอโมเตะซันโด นาริตะ,Naritasan Omotesando,成田山表参道,narita,narita,street,street_food|unagi|walk|layover,,,,mon-sun=10:00-19:00,,60,3000,"อุนางิราว 3,000 เยน",ร้านปลาไหลย่างเก่าแก่หลายร้าน เดินจากสถานีนาริตะ,,50,seed
ไซตามะ มูฟวี่ทาวน์ (โซนคาวาโกเอะ),Koedo Kawagoe Bus Loop,小江戸巡回バス,kawagoe,kawagoe,transport,transport|family,,,,mon-sun=10:00-19:00,,0,500,1-day pass 500 เยน,บัสวนจุดท่องเที่ยวหลัก คุ้มถ้าเดินไม่ไหว,,50,seed
โอโดะริ ฮาราจูกุ (Kawaii Monster ปิดแล้ว - โซนใหม่),Harajuku Quest Area,原宿クエスト,tokyo,tokyo_west,shopping,shopping|cafe|local,,,,mon-sun=10:00-19:00,,45,,,โซนร้านเล็ก ๆ ที่คนไม่ค่อยเดินเข้า,,50,seed
เทศกาลไฟฟ้า Yomiuri Land,Yomiuri Land Jewellumination,よみうりランド,tokyo,tokyo_west,theme_park,winter_illumination|theme_park|family|night,,,,mon-sun=10:00-19:00,,240,3000,"พาสราว 3,000 เยน",ไฟประดับหน้าหนาวใหญ่ที่สุดในโตเกียว ต.ค.-เม.ย.,,50,seed
อุโมงค์ไฟ Caretta Shiodome,Caretta Shiodome Illumination,カレッタ汐留,tokyo,tokyo_east,attraction,winter_illumination|free|photo|night,,,,mon-sun=10:00-19:00,,45,0,ฟรี,ไฟประดับฟรีที่สวยที่สุดในโตเกียว มีเฉพาะ พ.ย.-ก.พ.,,50,seed
อุโมงค์ไฟ Marunouchi,Marunouchi Illumination,丸の内イルミネーション,tokyo,tokyo_east,attraction,winter_illumination|free|photo|walk,,,,mon-sun=10:00-19:00,,45,0,ฟรี,ต้นไม้ไฟตลอดถนนหน้าสถานีโตเกียว พ.ย.-ก.พ.,,50,seed
ซากุระ ชิโดริกาฟุจิ,Chidorigafuchi,千鳥ヶ淵,tokyo,tokyo_east,park,sakura|photo|boat|seasonal,,,,mon-sun=10:00-19:00,,60,0,เดินฟรี เรือพาย 800 เยน/30 นาที,จุดชมซากุระที่สวยที่สุดในโตเกียว ปลายมี.ค.-ต้นเม.ย. คนเยอะมาก,,50,seed
ซากุระ อาสุคายามะ,Asukayama Park,飛鳥山公園,tokyo,tokyo_east,park,sakura|park|free|local,,,,mon-sun=10:00-19:00,,60,0,ฟรี,จุดชมซากุระที่คนท้องถิ่นไป นักท่องเที่ยวน้อย,,50,seed
ใบไม้แดง สวนโคอิชิคาวะ,Autumn at Koishikawa,小石川紅葉,tokyo,tokyo_west,park,autumn|photo|garden|seasonal,,,,mon-sun=10:00-19:00,,60,300,300 เยน,ใบไม้แดงปลายพฤศจิกายนถึงต้นธันวาคม,,50,seed
ทุ่งดอกโคเคีย ฮิตาชิ,Hitachi Seaside Park,国営ひたち海浜公園,hitachinaka,hitachi,park,flowers|seasonal|photo|day_trip,,,,mon-sun=10:00-19:00,,180,450,450 เยน,เนโมฟิลาสีฟ้าปลายเมษายน โคเคียแดงตุลาคม ไปเช้ากลับเย็นจากโตเกียว,,50,seed
ร้านขายยา Matsumoto Kiyoshi,Matsumoto Kiyoshi,マツモトキヨシ,tokyo,tokyo_west,shopping,pharmacy|souvenir|tax_free|shopping,,,,mon-sun=10:00-19:00,,30,,,"ยาและเครื่องสำอางเป็นของฝากยอดฮิต ทำ tax free ได้ที่ 5,000 เยนขึ้นไป",,50,seed
ร้านขายยา Sundrug,Sundrug,サンドラッグ,tokyo,tokyo_east,shopping,pharmacy|souvenir|tax_free,,,,mon-sun=10:00-19:00,,30,,,ราคามักถูกกว่ามัตสึโมโตะเล็กน้อย เทียบราคาก่อนซื้อ,,50,seed
ตู้ล็อกเกอร์สถานี,Coin Lockers,コインロッカー,tokyo,tokyo_east,service,luggage|practical,,,,mon-sun=10:00-19:00,,10,700,ใบละ 400-800 เยน/วัน,วันแรกที่ยังเช็กอินไม่ได้ ฝากกระเป๋าที่สถานีสะดวกที่สุด,,50,seed
บริการส่งกระเป๋า Takkyubin,Takkyubin Luggage Delivery,宅急便,tokyo,tokyo_east,service,luggage|practical,,,,mon-sun=10:00-19:00,,15,2000,"ใบละ 1,500-2,500 เยน",ส่งกระเป๋าจากโรงแรมไปสนามบินหรือเมืองถัดไป ถึงวันรุ่งขึ้น,,50,seed
จุดแลกเงิน (Travelex / ตู้ ATM),Currency Exchange,両替,tokyo,tokyo_west,service,money|practical,,,,mon-sun=10:00-19:00,,15,,,ถอนจากตู้ ATM 7-Eleven ได้เรตดีกว่าแลกที่สนามบิน,,50,seed
ร้านเช่าชุดกิโมโน อาซากุสะ,Kimono Rental Asakusa,着物レンタル 浅草,tokyo,tokyo_east,service,kimono|photo|culture|experience,,,,mon-sun=10:00-19:00,,180,4000,"ชุดละ 3,000-6,000 เยน/วัน",จองล่วงหน้า รวมแต่งผมและถ่ายรูป เดินวัดเซนโซจิได้ทั้งวัน,,50,seed
คลาสทำอาหารญี่ปุ่น,Japanese Cooking Class,料理教室,tokyo,tokyo_west,experience,cooking|culture|experience|group,,,,mon-sun=10:00-19:00,,180,6000,"ราว 5,000-8,000 เยน/คน",ทำซูชิหรือราเมงเอง มีคลาสภาษาอังกฤษ,,50,seed
พิธีชงชา,Tea Ceremony Experience,茶道体験,tokyo,tokyo_east,experience,tea|culture|experience|quiet,,,,mon-sun=10:00-19:00,,90,4000,"ราว 3,000-5,000 เยน/คน",ต้องจองล่วงหน้า มีล่ามภาษาอังกฤษ,,50,seed
เวิร์กช็อปทำซัมเปิลอาหาร,Food Sample Making Workshop,食品サンプル作り,tokyo,tokyo_east,experience,craft|kids|experience|rainy_day,,,,mon-sun=10:00-19:00,,90,2500,"ราว 2,000-3,000 เยน",ทำอาหารปลอมเป็นของที่ระลึก อยู่แถวคาปปาบาชิ,,50,seed
โกคาร์ทถนน (MariCar),Street Go-Kart Tour,公道カート,tokyo,tokyo_west,experience,driving|photo|experience|fun,,,,mon-sun=10:00-19:00,,120,10000,"ราว 8,000-12,000 เยน",ต้องมีใบขับขี่สากล (IDP) เท่านั้น จองล่วงหน้า,,50,seed
นั่งริกชา อาซากุสะ,Asakusa Rickshaw,人力車,tokyo,tokyo_east,experience,experience|photo|culture,,,,mon-sun=10:00-19:00,,30,5000,"ราว 4,000-9,000 เยน (2 คน)",คนลากอธิบายประวัติย่านให้ด้วย,,50,seed
แช่ออนเซนเท้าฟรี (โอไดบะ),Free Foot Bath Odaiba,足湯,tokyo,tokyo_bay,onsen,onsen|free|relax,,,,mon-sun=10:00-19:00,,20,0,ฟรี,พักเท้าระหว่างเดินโอไดบะ,,50,seed
ซูชิสายพาน Sushiro,Sushiro,スシロー,tokyo,tokyo_west,sushi,sushi|cheap|family|kids,,,,mon-sun=10:00-19:00,,60,1500,จานละ 120-350 เยน,ซูชิสายพานราคาถูกที่สุด เด็กชอบ ต้องจองคิวผ่านแอป,,50,seed
ซูชิสายพาน Kura Sushi,Kura Sushi,くら寿司,tokyo,tokyo_east,sushi,sushi|cheap|family|kids,,,,mon-sun=10:00-19:00,,60,1500,จานละ 115-330 เยน,กินครบ 5 จานมีเกมกาชาปอง เด็กชอบมาก,,50,seed
ราเมง Ippudo,Ippudo Ramen,一風堂,tokyo,tokyo_west,ramen,ramen|tonkotsu|chain,,,,mon-sun=10:00-19:00,,45,1300,"ราเมง 1,000-1,600 เยน",มีสาขาในไทยแล้ว แต่รสชาติที่ญี่ปุ่นเข้มกว่า,,50,seed
ราเมง Fuunji (สึเคเมง),Fuunji Tsukemen,風雲児,tokyo,tokyo_west,ramen,ramen|tsukemen|queue,,,,mon-sun=10:00-19:00,,45,1200,"1,000-1,400 เยน",สึเคเมงชื่อดัง ต่อคิว 30-60 นาที ไปก่อนเปิดดีที่สุด,,50,seed
เนื้อวากิว ยากินิกุ (โซนอุเอโนะ),Wagyu Yakiniku Ueno,和牛焼肉 上野,tokyo,tokyo_east,yakiniku,yakiniku|wagyu|dinner|group,,,,mon-sun=10:00-19:00,,90,6000,"ต่อคน 5,000-10,000 เยน",ย่านอุเอโนะมีร้านวากิวราคาเป็นมิตรกว่าย่านอื่น,,50,seed
ซุปเปอร์มาร์เก็ต (ลดราคาตอนเย็น),Japanese Supermarket,スーパーマーケット,tokyo,tokyo_east,food,cheap|local|dinner|practical,,,,mon-sun=10:00-19:00,,30,800,"มื้อละ 400-1,000 เยน",หลัง 19:00 ซูชิและเบนโตะติดป้ายลด 30-50%,,50,seed
เบนโตะสถานี (เอกิเบน),Ekiben Station Bento,駅弁,tokyo,tokyo_east,food,bento|train|quick|local,,,,mon-sun=10:00-19:00,,20,1200,"กล่องละ 800-1,800 เยน",ซื้อกินบนชินคันเซ็น แต่ละภูมิภาคมีเมนูต่างกัน,,50,seed
ขนมโมจิ อิจิบันยะ (โซนอาซากุสะ),Asakusa Melonpan,浅草メロンパン,tokyo,tokyo_east,food,sweets|street_food|cheap,,,,mon-sun=10:00-19:00,,15,300,ชิ้นละ 250-350 เยน,เมล่อนปังร้อน ๆ ต่อคิวไม่นาน,,50,seed
ไอศกรีมมัทฉะ (นานะยะ),Nanaya Matcha Gelato,ななや,tokyo,tokyo_west,cafe,dessert|matcha|photo,,,,mon-sun=10:00-19:00,,20,700,ถ้วยละ 500-900 เยน,มัทฉะเข้มข้น 7 ระดับ ระดับ 7 เข้มที่สุดในโลก,,50,seed
โซนของหวานชั้นใต้ดินห้าง,Depachika Sweets,デパ地下スイーツ,tokyo,tokyo_west,food,dessert|souvenir|food,,,,mon-sun=10:00-19:00,,45,2000,"กล่องละ 1,000-3,000 เยน",ของฝากคุณภาพดี ห่อสวย ซื้อวันสุดท้ายก่อนกลับ,,50,seed
ตลาดกลางคืน โคเอ็นจิ (ร้านเหล้าท้องถิ่น),Koenji Izakaya Alley,高円寺飲み屋街,tokyo,tokyo_west,food,izakaya|night|cheap|local,,,,mon-sun=10:00-19:00,,120,2500,"ต่อคน 2,000-3,500 เยน",ราคาถูกกว่าชินจูกุมาก คนท้องถิ่นล้วน,,50,seed
ร้านอาหารฮาลาล (โซนชินจูกุ),Halal Restaurants Shinjuku,ハラルレストラン,tokyo,tokyo_west,food,halal|dietary|dinner,,,,mon-sun=10:00-19:00,,60,2000,"ต่อคน 1,500-3,000 เยน",มีร้านฮาลาลรับรองหลายร้านแถวชินจูกุและอาซากุสะ,,50,seed
ร้านอาหารมังสวิรัติ (โซนชิบูย่า),Vegan Restaurants Shibuya,ヴィーガンレストラン,tokyo,tokyo_west,food,vegan|dietary|lunch,,,,mon-sun=10:00-19:00,,60,1800,"ต่อคน 1,200-2,500 เยน",ราเมงวีแกนและชุดเซ็ตมังสวิรัติหาได้ไม่ยากในย่านนี้,,50,seed
ร้านอาหารไทยในโตเกียว,Thai Restaurants Tokyo,タイ料理,tokyo,tokyo_west,food,thai|comfort|dinner,,,,mon-sun=10:00-19:00,,60,2000,"ต่อคน 1,500-3,000 เยน",เผื่อวันที่กินญี่ปุ่นไม่ไหวแล้ว ย่านชินจูกุและโอคุโบะมีเยอะ,,50,seed
