id,name_th,name_en,name_ja,city,area,category,tags,lat,lng,open_hours,closed_days,avg_visit_min,avg_cost_jpy,tips,quality_score
kr-sel-gyeongbokgung,พระราชวังคยองบกกุง,Gyeongbokgung Palace,景福宮,โซล,คยองบกกุง,วัง,ต้องไป|ถ่ายรูปสวย|ใส่ฮันบกเข้าฟรี,37.5796,126.9770,09:00–18:00,อังคาร,120,300,ใส่ฮันบกเข้าฟรี ร้านเช่าอยู่รอบวัง เปลี่ยนเวรยาม 10:00 กับ 14:00,96
kr-sel-bukchon,หมู่บ้านบุกชอนฮันอก,Bukchon Hanok Village,北村韓屋村,โซล,บุกชอน,ย่านเมืองเก่า,ถ่ายรูปสวย|ฟรี|เดินเล่น,37.5826,126.9831,ตลอดเวลา,,60,0,คนอยู่จริง เดินเงียบ ๆ และเลี่ยงหลัง 17:00 ตามป้ายขอความร่วมมือ,88
kr-sel-changdeokgung,พระราชวังชางด็อกกุง + สวนลับ,Changdeokgung Palace and Secret Garden,昌徳宮,โซล,ชงโน,วัง,ต้องจองล่วงหน้า|ใบไม้เปลี่ยนสี,37.5794,126.9910,09:00–18:00,จันทร์,120,800,สวนลับต้องจองรอบล่วงหน้าออนไลน์ รอบภาษาอังกฤษเต็มเร็ว,90
kr-sel-insadong,ถนนอินซาดง,Insadong Street,仁寺洞,โซล,อินซาดง,ช้อปปิ้ง,ของฝาก|ของกิน|เดินเล่น,37.5744,126.9856,10:00–21:00,,90,0,ร้านชาเกาหลีดั้งเดิมอยู่ในตรอกด้านใน ไม่ใช่ถนนใหญ่,80
kr-sel-myeongdong,ย่านมยองดง,Myeongdong,明洞,โซล,มยองดง,ช้อปปิ้ง,เครื่องสำอาง|สตรีทฟู้ด|ต้องไป,37.5636,126.9827,10:00–22:00,,120,0,รถเข็นสตรีทฟู้ดเปิดจริงหลัง 16:00 ตอนกลางวันจะเงียบกว่าที่คิด,85
kr-sel-namsan,หอคอยเอ็นโซล (นัมซาน),N Seoul Tower,Nソウルタワー,โซล,นัมซาน,จุดชมวิว,วิวสวย|ต้องไป|ตอนเย็นสวย,37.5512,126.9882,10:00–23:00,,120,1200,ขึ้นเคเบิลคาร์จากมยองดง ไปถึงก่อนพระอาทิตย์ตกราวหนึ่งชั่วโมง,92
kr-sel-dongdaemun-ddp,ทงแดมุนดีไซน์พลาซ่า,Dongdaemun Design Plaza,東大門デザインプラザ,โซล,ทงแดมุน,สถาปัตยกรรม,ถ่ายรูปสวย|ฟรี|กลางคืน,37.5665,127.0092,10:00–20:00,,60,0,ดอกไม้ LED เปิดเฉพาะบางฤดู เช็กก่อนไป,78
kr-sel-gwangjang,ตลาดควังจัง,Gwangjang Market,広蔵市場,โซล,ชงโน,ตลาด,ของกิน|ต้องไป|สตรีทฟู้ด,37.5701,126.9997,09:00–22:00,,75,600,บินแดต๊อก (แพนเค้กถั่วเขียว) กับมายัคคิมบับคือของขึ้นชื่อ เอาเงินสดไป,90
kr-sel-hongdae,ย่านฮงแด,Hongdae,弘大,โซล,ฮงแด,ย่านวัยรุ่น,กลางคืน|ของกิน|ดนตรีสด,37.5563,126.9236,ตลอดเวลา,,120,0,โชว์เต้นข้างถนนเริ่มราวสองทุ่มวันศุกร์–เสาร์,84
kr-sel-yeonnam,ยอนนัมดง,Yeonnam-dong,延南洞,โซล,ยอนนัมดง,คาเฟ่,คาเฟ่|เดินเล่น|ถ่ายรูปสวย,37.5602,126.9250,11:00–22:00,,90,500,สวนเส้นยาว Gyeongui Line Forest เดินต่อจากฮงแดได้เลย,80
kr-sel-ihwa,หมู่บ้านศิลปะอีฮวา,Ihwa Mural Village,梨花洞壁画村,โซล,ทงแดมุน,ย่านเมืองเก่า,ถ่ายรูปสวย|ฟรี|ทางชัน,37.5800,127.0050,ตลอดเวลา,,60,0,เป็นชุมชนที่มีคนอยู่จริง บางภาพถูกลบไปแล้ว ใส่รองเท้าเดินสบาย,70
kr-sel-cheonggyecheon,คลองชองกเยชอน,Cheonggyecheon Stream,清渓川,โซล,ชงโน,เดินเล่น,ฟรี|เดินเล่น|กลางคืน,37.5696,126.9784,ตลอดเวลา,,45,0,เดินจากควังฮวามุนไปทงแดมุนได้ยาวราวห้ากิโล เลือกช่วงเอา,75
kr-sel-lotte-tower,ลอตเต้เวิลด์ทาวเวอร์ (ซอลลอฟท์),Lotte World Tower Seoul Sky,ロッテワールドタワー,โซล,ซัมซิล,จุดชมวิว,วิวสวย|ต้องจองล่วงหน้า,37.5125,127.1025,10:30–22:00,,90,2700,ซื้อออนไลน์ถูกกว่าหน้าตู้ วันฟ้าใสเห็นถึงภูเขาโดยรอบ,82
kr-sel-lotte-world,สวนสนุกลอตเต้เวิลด์,Lotte World Adventure,ロッテワールド,โซล,ซัมซิล,สวนสนุก,ครอบครัว|ต้องจองล่วงหน้า|ทั้งวัน,37.5111,127.0980,10:00–21:00,,360,4500,ในร่มทั้งโซนหลัก ฝนตกก็ยังเที่ยวได้ วันธรรมดาคิวสั้นกว่ามาก,85
kr-sel-starfield,ห้องสมุดสตาร์ฟิลด์ โคเอ็กซ์,Starfield Library COEX,スターフィールド図書館,โซล,กังนัม,สถาปัตยกรรม,ถ่ายรูปสวย|ฟรี|ในร่ม,37.5100,127.0600,10:30–22:00,,45,0,อยู่ในห้าง เดินต่อจากสถานีซัมซองได้เลย,76
kr-sel-garosugil,การอซูกิล,Garosu-gil,カロスキル,โซล,กังนัม,ช้อปปิ้ง,คาเฟ่|แฟชั่น|เดินเล่น,37.5205,127.0230,11:00–22:00,,90,0,ร้านแบรนด์เกาหลีเปิดสายกว่าย่านอื่น อย่าไปเช้า,72
kr-sel-seongsu,ซองซูดง,Seongsu-dong,聖水洞,โซล,ซองซู,คาเฟ่,คาเฟ่|ป๊อปอัพ|ถ่ายรูปสวย,37.5445,127.0557,11:00–21:00,,120,600,ป๊อปอัพสโตร์เปลี่ยนแทบทุกเดือน เช็กอินสตาแกรมก่อนไป,80
kr-sel-yeouido-park,สวนฮันกัง ยออีโด,Yeouido Hangang Park,汝矣島漢江公園,โซล,ยออีโด,สวน,ปิกนิก|ฟรี|พระอาทิตย์ตก,37.5285,126.9340,ตลอดเวลา,,90,0,สั่งไก่ทอดมาส่งริมน้ำได้จริง ร้านส่วนใหญ่ส่งถึงสวน,84
kr-sel-noryangjin,ตลาดปลาโนรยางจิน,Noryangjin Fish Market,鷺梁津水産市場,โซล,โนรยางจิน,ตลาด,ของกิน|ซีฟู้ด,37.5140,126.9540,ตลอดเวลา,,90,1800,ซื้อชั้นล่างแล้วให้ร้านชั้นบนปรุงให้ คิดค่าปรุงแยก ถามราคาก่อน,74
kr-sel-war-memorial,อนุสรณ์สถานสงครามเกาหลี,War Memorial of Korea,戦争記念館,โซล,ยงซาน,พิพิธภัณฑ์,ฟรี|ในร่ม|ประวัติศาสตร์,37.5370,126.9770,09:30–18:00,จันทร์,120,0,ใหญ่กว่าที่คิด เผื่อเวลาสองชั่วโมงเป็นอย่างน้อย,78
kr-sel-leeum,พิพิธภัณฑ์ศิลปะลีอุม,Leeum Museum of Art,リウム美術館,โซล,ฮันนัม,พิพิธภัณฑ์,ศิลปะ|ในร่ม,37.5385,126.9990,10:00–18:00,จันทร์,120,0,นิทรรศการถาวรเข้าฟรี รอบพิเศษเสียเงินแยก,76
kr-sel-hangang-banpo,สะพานพันโพ น้ำพุสายรุ้ง,Banpo Bridge Rainbow Fountain,盤浦大橋,โซล,ซอโช,จุดชมวิว,กลางคืน|ฟรี|ตามฤดู,37.5126,126.9966,19:30–21:00,,45,0,เล่นเฉพาะเม.ย.–ต.ค. รอบละ 20 นาที เช็กรอบก่อนไป,70
kr-sel-ikseondong,อิกซอนดง,Ikseon-dong,益善洞,โซล,ชงโน,ย่านเมืองเก่า,คาเฟ่|ของกิน|ถ่ายรูปสวย,37.5740,126.9900,11:00–22:00,,90,700,ฮันอกเก่าดัดแปลงเป็นคาเฟ่ ตรอกแคบ ไปช่วงบ่ายคนน้อยกว่า,82
kr-sel-namdaemun,ตลาดนัมแดมุน,Namdaemun Market,南大門市場,โซล,นัมแดมุน,ตลาด,ของฝาก|ของกิน|ราคาถูก,37.5590,126.9770,08:00–18:00,อาทิตย์,90,500,ร้านหลายร้านปิดวันอาทิตย์ ต่างจากมยองดงที่อยู่ติดกัน,72
kr-cch-nami,เกาะนามิ,Nami Island,南怡島,ชุนชอน,คังวอน,ธรรมชาติ,ใบไม้เปลี่ยนสี|ต้องไปเช้า|วันเดย์ทริป,37.7900,127.5250,08:00–21:00,,240,1300,ไปเช้าสุดเพื่อหนีทัวร์ ค่าเรือรวมค่าเข้าแล้ว,86
kr-cch-petite-france,เปอตีต์ฟรองซ์,Petite France,プチフランス,ชุนชอน,คังวอน,ธีมพาร์ค,ถ่ายรูปสวย|ครอบครัว,37.7720,127.5170,09:00–18:00,,90,1000,รวมกับเกาะนามิเป็นวันเดียวได้ รถบัสวิ่งเชื่อมกัน,68
kr-inc-chinatown,ไชน่าทาวน์อินชอน,Incheon Chinatown,仁川中華街,อินชอน,จุงกู,ย่านเมืองเก่า,ของกิน|วันเดย์ทริป,37.4750,126.6170,10:00–21:00,,120,700,จาจังมยอนเกิดที่นี่ ร้านต้นตำรับมีพิพิธภัณฑ์เล็ก ๆ ด้วย,70
kr-suw-hwaseong,ป้อมฮวาซอง ซูวอน,Hwaseong Fortress,華城,ซูวอน,ปาลดัลกู,ป้อมปราการ,มรดกโลก|เดินเล่น|วันเดย์ทริป,37.2880,127.0140,09:00–18:00,,150,300,เดินกำแพงรอบเต็มราวห้ากิโล เลือกเดินครึ่งเดียวก็คุ้ม,80
kr-bsn-gamcheon,หมู่บ้านวัฒนธรรมกัมชอน,Gamcheon Culture Village,甘川文化村,ปูซาน,ซาฮากู,ย่านเมืองเก่า,ถ่ายรูปสวย|ทางชัน|ต้องไป,35.0975,129.0106,09:00–18:00,,120,0,ทางชันมาก ใส่รองเท้าดี ๆ และเริ่มจากด้านบนแล้วเดินลง,88
kr-bsn-haeundae,หาดแฮอุนแด,Haeundae Beach,海雲台,ปูซาน,แฮอุนแด,ชายหาด,ฟรี|พระอาทิตย์ตก|เดินเล่น,35.1586,129.1603,ตลอดเวลา,,90,0,ฤดูร้อนคนแน่นมาก นอกฤดูเดินเล่นสบายกว่าและยังสวย,82
kr-bsn-jagalchi,ตลาดปลาจากัลชี,Jagalchi Fish Market,チャガルチ市場,ปูซาน,จุงกู,ตลาด,ของกิน|ซีฟู้ด|ต้องไป,35.0966,129.0306,05:00–22:00,,90,1500,ชั้นสองปรุงให้ได้เหมือนโนรยางจิน ตกลงราคาก่อนเสมอ,80
